<?xml version="1.0" encoding="UTF-8"?>
<catalog xmlns="http://www.unidata.ucar.edu/namespaces/thredds/InvCatalog/v1.0"
         xmlns:xlink="http://www.w3.org/1999/xlink"
         name="Unidata THREDDS Data Server - Unidata Radar Data" version="1.0.6">

  <service name="grids" serviceType="Compound" base="">
    <service name="HTTPServer" serviceType="HTTPServer" base="/thredds/fileServer/"/>
    <service name="ncdods" serviceType="OPENDAP" base="/thredds/dodsC/"/>
    <service name="wcsServer" serviceType="WCS" base="/thredds/wcs/"/>
    <service name="wmsServer" serviceType="WMS" base="/thredds/wms/"/>
    <service name="ncss" serviceType="NetcdfSubset" base="/thredds/ncss/"/>
    <service name="cdmremote" serviceType="CdmRemote" base="/thredds/cdmremote/"/>
    <service name="ncml" serviceType="NCML" base="/thredds/ncml/"/>
    <service name="uddc" serviceType="UDDC" base="/thredds/uddc/"/>
    <service name="iso" serviceType="ISO" base="/thredds/iso/"/>
  </service>

  <service name="latest" serviceType="Resolver" base=""/>

  <dataset name="NEXRAD National Composites From Unidata">
    <metadata inherited="true">
      <dataType>Grid</dataType>
      <serviceName>grids</serviceName>
    </metadata>

    <datasetScan name="Unidata NEXRAD Composites (GINI)" collectionType="TimeSeries" harvest="true"
                 ID="Unidata/NEXRAD/NationalComposite/GINI" path="nexrad/composite/gini"
                 location="/data/ldm/pub/native/radar/composite/gini/">
      <metadata inherited="true">
        <serviceName>grids</serviceName>
        <dataType>Grid</dataType>
        <dataFormat>GINI</dataFormat>
        <documentation type="summary">NEXRAD Radar National Composites of Level 3 products. Generated by Unidata
          every 5 minutes.
        </documentation>
        <creator>
          <name vocabulary="DIF">UCAR/UNIDATA</name>
          <contact url="http://www.unidata.ucar.edu/" email="support@unidata.ucar.edu"/>
        </creator>
        <geospatialCoverage>
          <northsouth>
            <start>23.0132</start>
            <size>24.29315</size>
            <units>degrees_north</units>
          </northsouth>
          <eastwest>
            <start>-120.02283</start>
            <size>56.51233</size>
            <units>degrees_east</units>
          </eastwest>
          <updown>
            <start>0.0</start>
            <size>0.0</size>
            <units>km</units>
          </updown>
        </geospatialCoverage>
        <timeCoverage>
          <end>present</end>
          <duration>7 days</duration>
        </timeCoverage>
        <variables vocabulary="DIF">
          <variable name="BaseReflectivity"
                    vocabulary_name="EARTH SCIENCE &gt; Spectral/Engineering &gt; Radar &gt; Radar Reflectivity"
                    units="dbZ"/>
          <variable name="1hourPrecipitation"
                    vocabulary_name="EARTH SCIENCE &gt; Atmosphere &gt; Precipitation &gt; Precipitation Amount"
                    units="in"/>
          <variable name="totalPrecipitation"
                    vocabulary_name="EARTH SCIENCE &gt; Atmosphere &gt; Precipitation &gt; Precipitation Amount"
                    units="in"/>
        </variables>
      </metadata>
      <filter>
        <include wildcard="Level3*.gini" atomic="true" collection="false"/>
        <exclude wildcard="current" atomic="false" collection="true"/>
        <exclude wildcard=".*" atomic="false" collection="true"/>
      </filter>
      <addID/>
      <sort>
        <lexigraphicByName increasing="false"/>
      </sort>
      <addDatasetSize/>
      <addTimeCoverage datasetNameMatchPattern=".*_([0-9]{4})([0-9]{2})([0-9]{2})_([0-9]{2})([0-9]{2})$"
                       startTimeSubstitutionPattern="$1-$2-$3T$4:$5:00" duration="5 minutes"/>
    </datasetScan>

    <featureCollection name="NWS NEXRAD Composite VIP 10 km" featureType="GRIB1" harvest="true"
                       path="grib/nexrad/composite/nws">

      <metadata inherited="true">
        <dataFormat>GRIB-1</dataFormat>
        <documentation type="summary">10 km mosaic of NEXRAD Radar VIP. Contours of echo reflectivity,
          also known as "VIP levels" (for Video Integrator and Processor). Generated every 30 minutes
          by NWS, covers continental US.
        </documentation>
        <creator>
          <name vocabulary="DIF">DOC/NOAA/NWS</name>
          <contact url="http://www.roc.noaa.gov/" email="http://www.roc.noaa.gov/Feedback/"/>
        </creator>
      </metadata>

      <collection name="NEXRAD_NWS_Reflectivity"
                  spec="/data/ldm/pub/native/radar/10km_mosaic/**/.*grib1$"
                  dateFormatMark="#RADAR_10km_mosaic_#yyyyMMdd_HHmm"
                  timePartition="file"
                  olderThan="1 min"/>

      <update startup="never" trigger="allow"/>
      <tdm rewrite="test" rescan="0 2/5 * * * ? *" trigger="allow"/>

      <gribConfig datasetTypes="Best LatestFile Files">
        <filesSort>
          <lexigraphicByName increasing="false"/>
        </filesSort>
      </gribConfig>

    </featureCollection>


    <featureCollection name="Unidata NEXRAD Composite Reflectivity" featureType="GRIB2" harvest="true"
                       path="grib/nexrad/composite/unidata">

      <metadata inherited="true">
        <dataFormat>GRIB-2</dataFormat>
        <documentation type="summary">NEXRAD Radar National Composites of Level 3 Base Reflectivity. 1 km resolution.
          Generated by Unidata every 5-6 minutes.
        </documentation>
        <creator>
          <name vocabulary="DIF">UCAR/UNIDATA</name>
          <contact url="http://www.unidata.ucar.edu/" email="support@unidata.ucar.edu"/>
        </creator>
      </metadata>

      <collection name="NEXRAD_Unidata_Reflectivity"
                  spec="/data/ldm/pub/native/radar/composite/grib2/N0R/**/.*grib2$"
                  dateFormatMark="#Level3_Composite_N0R_#yyyyMMdd_HHmm"
                  timePartition="file"
                  olderThan="1 min"/>

      <update startup="never" trigger="allow"/>
      <tdm rewrite="test" rescan="0 1/5 * * * ? *" trigger="allow"/>

      <gribConfig datasetTypes="Best Latest">
        <parameter name="timeUnit" value="minute"/>
        <filesSort>
          <lexigraphicByName increasing="false"/>
        </filesSort>
      </gribConfig>

    </featureCollection>

  </dataset>
</catalog>

