<?xml version="1.0" encoding="UTF-8"?>
<catalog xmlns="http://www.unidata.ucar.edu/namespaces/thredds/InvCatalog/v1.0" xmlns:xlink="http://www.w3.org/1999/xlink" name="THREDDS Radar Server" version="1.0.1">
  <service name="radarServer" serviceType="QueryCapability" base="/thredds/radarServer/" />
  <dataset name="Radar Data">
  <datasetScan name="S3 NEXRAD Level II" collectionType="TimeSeries" ID="nexrad/level2/S3" path="nexrad/level2/S3" location="s3://noaa-nexrad-level2">
    <radarCollection layout="yyyy/MM/dd/STATION" dateRegex="(\d{8}_\d{6})_V\d{2}\.gz$" dateFormat="yyyyMMdd_HHmmss" crawlItems="1"/>
      <metadata inherited="true">
        <dataType>Radial</dataType>
        <dataFormat>NEXRAD2</dataFormat>
        <serviceName>radarServer</serviceName>
        <documentation type="summary">NEXRAD Level II Radar WSR-88D from IDD. Sent every 5 minutes.</documentation>
        <timeCoverage>
	  <start>1991-01-01T00:00:00</start>
          <end>present</end>
        </timeCoverage>
        <variables vocabulary="DIF">
          <variable name="Reflectivity" vocabulary_name="EARTH SCIENCE &gt; Spectral/Engineering &gt; Radar &gt; Radar Reflectivity" units="db" />
          <variable name="Velocity" vocabulary_name="EARTH SCIENCE &gt; Spectral/Engineering &gt; Radar &gt; Doppler Velocity" units="m/s" />
          <variable name="SpectrumWidth" vocabulary_name="EARTH SCIENCE &gt; Spectral/Engineering &gt; Radar &gt; Doppler Spectrum Width" units="m/s" />
        </variables>
	<stationFile path="radar/RadarL2Stations.xml" />
        <documentation xlink:title="Available Stations" xlink:href="/thredds/radarServer/nexrad/level2/S3/stations.xml"/>
        <documentation type="path">nexrad/level2/IDD</documentation>
      <geospatialCoverage>
        <northsouth>
          <start>20.0</start>
          <size>40.0</size>
          <units>degrees_north</units>
        </northsouth>
        <eastwest>
          <start>-135.0</start>
          <size>70.0</size>
          <units>degrees_east</units>
        </eastwest>
        <updown>
          <start>0.0</start>
          <size>0.0</size>
          <units>km</units>
        </updown>
      </geospatialCoverage>
      </metadata>
  </datasetScan>
  </dataset>
</catalog>

