<?xml version="1.0" encoding="UTF-8"?>
<catalog name="THREDDS Server Default Catalog : You must change this to fit your server!"
        xmlns="http://www.unidata.ucar.edu/namespaces/thredds/InvCatalog/v1.0"
        xmlns:xlink="http://www.w3.org/1999/xlink">

  <service name="all" base="" serviceType="compound">
    <service name="odap" serviceType="OpenDAP" base="/thredds/dodsC/" />
    <service name="dap4" serviceType="DAP4" base="/thredds/dap4/" />
    <service name="http" serviceType="HTTPServer" base="/thredds/fileServer/" />
    <!--service name="wcs" serviceType="WCS" base="/thredds/wcs/" /-->
    <!--service name="wms" serviceType="WMS" base="/thredds/wms/" /-->
    <service name="ncss" serviceType="NetcdfSubset" base="/thredds/ncss/" />
  </service>

  <datasetRoot path="test" location="content/testdata/" />
  <datasetRoot path="restrict" location="content/testdata/"/>

  <dataset name="Test Single Dataset" ID="testDataset" serviceName="dap"  urlPath="test/testData.nc" dataType="Grid"/>

  <dataset name="Test Single Dataset 2" ID="testDataset2" serviceName="odap" urlPath="test/testData2.grib2" dataType="Grid"/>

  <dataset name="Test Restricted Dataset" ID="testRestrictedDataset" urlPath="restrict/testData.nc" restrictAccess="tiggeData">
    <serviceName>all</serviceName>
    <dataType>Grid</dataType>
  </dataset>

  <datasetScan name="Test all files in a directory" ID="testDatasetScan" path="testAll" location="content/testdata">

    <metadata inherited="true">
      <serviceName>all</serviceName>
      <dataType>Grid</dataType>
    </metadata>

    <filter>
      <include wildcard="*eta_211.nc"/>
      <include wildcard="testgrid*.nc"/>
    </filter>

  </datasetScan>

  <datasetScan name="OPeNDAP Test Data" ID="testDods" path="testdods" location="content/testdods/">
    <metadata inherited="true">
      <serviceName>odap</serviceName>
      <dataType>Grid</dataType>
    </metadata>
    <filter>
      <include wildcard="*.nc"/>
    </filter>
  </datasetScan>

  <catalogRef xlink:title="Test Enhanced Catalog" xlink:href="enhancedCatalog.xml" name=""/>


</catalog>
