<?xml version="1.0" encoding="UTF-8"?>
<catalog xmlns="http://www.unidata.ucar.edu/namespaces/thredds/InvCatalog/v1.0"
         xmlns:xlink="http://www.w3.org/1999/xlink"
         name="Various test datasets" version="1.0.2">


  <service name="all" serviceType="Compound" base="">
    <service name="odap" serviceType="OPENDAP" base="/thredds/dodsC/"/>
    <service name="dap4" serviceType="DAP4" base="/thredds/dap4/" />
    <service name="HTTPServer" serviceType="HTTPServer" base="/thredds/fileServer/"/>
    <service name="wcs" serviceType="WCS" base="/thredds/wcs/"/>
    <service name="wms" serviceType="WMS" base="/thredds/wms/"/>
    <service name="ncss" serviceType="NetcdfSubset" base="/thredds/ncss/grid/"/>
    <service name="cdmremote" serviceType="CdmRemote" base="/thredds/cdmremote/"/>
    <service name="ncml" serviceType="NCML" base="/thredds/ncml/"/>
    <service name="uddc" serviceType="UDDC" base="/thredds/uddc/"/>
    <service name="iso" serviceType="ISO" base="/thredds/iso/"/>
  </service>

  <datasetRoot path="restrict" location="content/testdata/"/>

  <dataset name="Test Restricted Dataset" ID="testRestrictedDataset" urlPath="restrict/testData.nc" restrictAccess="tiggeData">
    <serviceName>all</serviceName>
    <dataType>Grid</dataType>
  </dataset>

  <!-- Serve any datasets in content/thredds/public. -->
  <datasetScan name="public datasets" ID="public/dataset" path="public/dataset" location="content/">
    <metadata inherited="true">
      <serviceName>all</serviceName>
    </metadata>
  </datasetScan>


  <!-- dennis -->
  <datasetScan name="OPeNDAP Test Data" ID="testdods" path="testdods" location="/data/testdods/">
    <metadata inherited="true">
      <serviceName>odap</serviceName>
      <dataType>Grid</dataType>
    </metadata>
  </datasetScan>

  <datasetScan name="DAP4 Test Data" ID="testdods4" path="testdods4" location="/data/testdods/">
    <metadata inherited="true">
      <serviceName>dap4</serviceName>
      <dataType>Grid</dataType>
    </metadata>
  </datasetScan>

</catalog>
