<?xml version="1.0" encoding="UTF-8"?>
<threddsConfig>

  <!-- all options are commented out in standard install - meaning use default values -->
  <!-- see http://www.unidata.ucar.edu/projects/THREDDS/tech/reference/ThreddsConfigXMLFile.html -->
  <serverInformation>
    <name>Remote Test Data Server</name>
    <logoUrl>/thredds/unidataLogo.gif</logoUrl>
    <logoAltText>RemoteTest</logoAltText>

    <abstract>Scientific Data</abstract>
    <keywords>meteorology, atmosphere, climate, ocean, earth science</keywords>
    
    <contact>
      <name>Thredds Support</name>
      <organization>Unidata</organization>
      <email>support-thredds@unidata.ucar.edu</email>
      <!--phone></phone-->
    </contact>
    <hostInstitution>
      <name>Unidata</name>
      <webSite>http://www.unidata.ucar.edu/</webSite>
      <logoUrl>unidataIcon.gif</logoUrl>
      <logoAltText>Unidata</logoAltText>
    </hostInstitution>
  </serverInformation>

  <!--
  The <catalogRoot> element:
  For catalogs you don't want visible from the /thredds/catalog.xml chain
  of catalogs, you can use catalogRoot elements. Each catalog root config
  catalog is crawled and used in configuring the TDS.

  <catalogRoot>myExtraCatalog.xml</catalogRoot>
  <catalogRoot>myOtherExtraCatalog.xml</catalogRoot>
  -->

  <!--
   * Setup for generated HTML pages.
   *
   * NOTE: URLs may be absolute or relative, relative URLs must be relative
   * to the webapp URL, i.e., http://server:port/thredds/.
   * -->
  <htmlSetup>
    <!--
     * CSS documents used in generated HTML pages.
     * The CSS document given in the "catalogCssUrl" element is used for all pages
     * that are HTML catalog views. The CSS document given in the "standardCssUrl"
     * element is used in all other generated HTML pages.
     * -->
    <standardCssUrl>tds.css</standardCssUrl>
    <catalogCssUrl>tdsCat.css</catalogCssUrl>
    <openDapCssUrl>tdsDap.css</openDapCssUrl>

    <!--
     * The Google Analytics Tracking code you would like to use for the
     * webpages associated with THREDDS. This will not track WMS or DAP
     * requests for data, only browsing the catalog.
    -->
    <googleTrackingCode></googleTrackingCode>

  </htmlSetup>

  <!--
   The <CatalogServices> element:
   - Services on local TDS served catalogs are always on.
   - Services on remote catalogs are set with the allowRemote element
   below. They are off by default (recommended).
   -->
  <CatalogServices>
    <allowRemote>true</allowRemote>
  </CatalogServices>

  <!--
  Configuring the CDM (netcdf-java library)
  see http://www.unidata.ucar.edu/software/netcdf-java/reference/RuntimeLoading.html

  <nj22Config>
    <ioServiceProvider class="edu.univ.ny.stuff.FooFiles"/>
    <coordSysBuilder convention="foo" class="test.Foo"/>
    <coordTransBuilder name="atmos_ln_sigma_coordinates" type="vertical" class="my.stuff.atmosSigmaLog"/>
    <typedDatasetFactory datatype="Point" class="gov.noaa.obscure.file.Flabulate"/>
  </nj22Config>
  -->

  <!--
  CDM uses the DiskCache directory to store temporary files, like uncompressed files.
  <DiskCache>
    <alwaysUse>false</alwaysUse>
    <scour>1 hour</scour>
    <maxSize>1 Gb</maxSize>
  </DiskCache>
  -->

  <!--
  Caching open NetcdfFile objects.
  default is to allow 50 - 100 open files, cleanup every 11 minutes
  <NetcdfFileCache>
    <minFiles>50</minFiles>
    <maxFiles>100</maxFiles>
    <scour>11 min</scour>
  </NetcdfFileCache>
  -->

  <!--
  The <HTTPFileCache> element:
  allow 10 - 20 open datasets, cleanup every 17 minutes
  used by HTTP Range requests.
  <HTTPFileCache>
    <minFiles>10</minFiles>
    <maxFiles>20</maxFiles>
    <scour>17 min</scour>
  </HTTPFileCache>
  -->

  <!--
  Writing GRIB indexes.
  <GribIndexing>
    <setExtendIndex>false</setExtendIndex>
    <alwaysUseCache>false</alwaysUseCache>
  </GribIndexing>
  -->

  <!--
  Persist joinNew aggregations to named directory. scour every 24 hours, delete stuff older than 90 days
  <AggregationCache>
    <scour>24 hours</scour>
    <maxAge>90 days</maxAge>
  </AggregationCache>
  -->

  <!--
  How to choose the template dataset for an aggregation. latest, random, or penultimate
  <Aggregation>
    <typicalDataset>penultimate</typicalDataset>
  </Aggregation>
  -->

  <!--
  The Netcdf Subset Service is off by default.
  <NetcdfSubsetService>
    <allow>false</allow>
    <scour>10 min</scour>
    <maxAge>-1 min</maxAge>
  </NetcdfSubsetService>
  -->

  <!--
  <Opendap>
    <ascLimit>50</ascLimit>
    <binLimit>500</binLimit>
    <serverVersion>opendap/3.7</serverVersion>
  </Opendap>
    -->
  
  <!--
  The WCS Service is off by default.
  Also, off by default (and encouraged) is operating on a remote dataset.
  <WCS>
    <allow>false</allow>
    <allowRemote>false</allowRemote>
    <scour>15 min</scour>
    <maxAge>30 min</maxAge>
  </WCS>
  -->

  <!--
  <WMS>
    <allow>false</allow>
    <allowRemote>false</allowRemote>
    <maxImageWidth>2048</maxImageWidth>
    <maxImageHeight>2048</maxImageHeight>
  </WMS>
  -->

  <!--
  <NCISO>
    <ncmlAllow>false</ncmlAllow>
    <uddcAllow>false</uddcAllow>
    <isoAllow>false</isoAllow>
  </NCISO>
  -->

  <!-- CatalogGen service is off by default.
  <CatalogGen>
    <allow>false</allow>
  </CatalogGen>
   -->

  <!-- DLwriter service is off by default.
       As is support for operating on remote catalogs.
  <DLwriter>
    <allow>false</allow>
    <allowRemote>false</allowRemote>
  </DLwriter>
   -->

  <!-- DqcService is off by default.
  <DqcService>
    <allow>false</allow>
  </DqcService>
   -->

  <!--
   Link to a Viewer application on the HTML page:
   <Viewer>my.package.MyViewer</Viewer>
   -->

   <!--
   Add a DataSource - essentially an IOSP with access to Servlet request parameters
   <datasetSource>my.package.DatsetSourceImpl</datasetSource>
   -->

  <!--
   set FeatureCollection logging
  -->
  <FeatureCollection>
     <RollingFileAppender>
       <MaxFileSize>10 MB</MaxFileSize>
       <MaxBackups>50</MaxBackups>
     </RollingFileAppender>
  </FeatureCollection>


</threddsConfig>
