<?xml version="1.0" encoding="UTF-8"?>
<catalog xmlns="http://www.unidata.ucar.edu/namespaces/thredds/InvCatalog/v1.0"
         xmlns:xlink="http://www.w3.org/1999/xlink"
         name="THREDDS-IDD WCS Data Server" version="1.0.1">
  <service name="all" serviceType="Compound" base="">
    <service name="wcs" serviceType="WCS" base="/thredds/wcs/" />
    <service name="HTTPServer" serviceType="HTTPServer" base="/thredds/fileServer/" />
    <service name="odap" serviceType="OPENDAP" base="/thredds/dodsC/"/>
  </service>
  <dataset name="Unidata GALEON Experimental Web Coverage Service (WCS) datasets">
    <metadata inherited="true">
      <serviceName>all</serviceName>
      <authority>unidata.ucar.edu:</authority>
      <dataType>Grid</dataType>
    </metadata>

    <datasetScan name="GALEON Test Data" path="galeon/testdata" location="/data/thredds/galeon/" >
      <filter>
        <include wildcard="*.nc"/>
      </filter>
    </datasetScan>

    <datasetScan name="NCEP GFS Global half degree model data" path="galeon/global/testdata" location="/data/ldm/pub/native/grid/NCEP/GFS/Global_0p5deg/" >
      <filter>
        <include wildcard="*.grib2"/>
      </filter>
    </datasetScan>

    <datasetScan name="NWS NDFD CONUS 5 km data" path="galeon/ndfd/testdata" location="/data/ldm/pub/native/grid/NCEP/NDFD/CONUS_5km/" >
      <filter>
        <include wildcard="*.grib2"/>
      </filter>
    </datasetScan>

    <catalogRef name="" xlink:title="GIS Test Data" xlink:href="gis-catalog.xml" />

  </dataset>
</catalog>

