<?xml version="1.0" encoding="UTF-8"?>
<catalog xmlns="http://www.unidata.ucar.edu/namespaces/thredds/InvCatalog/v1.0"
         xmlns:xlink="http://www.w3.org/1999/xlink"
         name="Unidata THREDDS Data Server"
         version="1.0.6">

  <service name="radar" base="" serviceType="compound">
    <service name="odap" serviceType="OpenDAP" base="/thredds/dodsC/" />
    <service name="http" serviceType="HTTPServer" base="/thredds/fileServer/" />
    <service name="cdmremote" serviceType="CdmRemote" base="/thredds/cdmremote/"/>
  </service>
	 
  <datasetScan name="S3 NEXRAD Level II" collectionType="TimeSeries" ID="nexrad/level2/S3"
	  path="nexrad/level2/S3" location="s3://noaa-nexrad-level2" serviceName="radar">
    <crawlableDatasetImpl className="thredds.crawlabledataset.s3.CrawlableDatasetAmazonS3"/>
  </datasetScan>

  <datasetScan name="Unidata S3 NEXRAD Level II" collectionType="TimeSeries" ID="nexrad/level2/UnidataS3"
	  path="nexrad/level2/UnidataS3" location="s3://unidata-nexrad-level2" serviceName="radar">
    <crawlableDatasetImpl className="thredds.crawlabledataset.s3.CrawlableDatasetAmazonS3"/>
  </datasetScan>

</catalog>
