<?xml version="1.0" encoding="UTF-8"?>
<catalog xmlns="http://www.unidata.ucar.edu/namespaces/thredds/InvCatalog/v1.0"
         xmlns:xlink="http://www.w3.org/1999/xlink"
         name="GIS Test Data" version="1.0.1">
  <service name="all" serviceType="Compound" base="">
    <service name="opendap" serviceType="OPeNDAP" base="/thredds/dodsC/" />
    <service name="wcs" serviceType="WCS" base="/thredds/wcs/" />
    <service name="HTTPServer" serviceType="HTTPServer" base="/thredds/fileServer/" />
  </service>

  <datasetScan name="GIS Test Data" path="gis/test" location="/data/thredds/gis/" >
    <metadata inherited="true">
      <serviceName>all</serviceName>
      <authority>unidata.ucar.edu:</authority>
      <dataType>Grid</dataType>
    </metadata>
    <filter>
      <include wildcard="*.bufr"/>
      <include wildcard="*.gini"/>
      <include wildcard="*.grib"/>
      <include wildcard="*.grib1"/>
      <include wildcard="*.grib2"/>
      <include wildcard="*.nc"/>
      <include wildcard="*.ar2v"/>
      <include wildcard="*.nids"/>
    </filter>
  </datasetScan>

</catalog>

