<?xml version="1.0" encoding="UTF-8"?>
<catalog xmlns="http://www.unidata.ucar.edu/namespaces/thredds/InvCatalog/v1.0" xmlns:xlink="http://www.w3.org/1999/xlink" name="THREDDS Radar Server"
         version="1.0.1">

  <service name="radial" serviceType="Compound" base="">
  <service name="radarServer" serviceType="QueryCapability" base="/thredds/radarServer/"/>
    <service name="HTTPServer" serviceType="HTTPServer" base="/thredds/fileServer/"/>
    <service name="cdmremote" serviceType="CdmRemote" base="/thredds/cdmremote/"/>
  </service>

  <dataset name="Radar Data">

    <datasetScan name="NEXRAD Level II Radar from IDD" collectionType="TimeSeries" ID="nexrad/level2/IDD" path="nexrad/level2/IDD"
                 location="/data/ldm/pub/native/radar/level2">
      <metadata inherited="true">
        <dataType>Radial</dataType>
        <dataFormat>NEXRAD2</dataFormat>
        <serviceName>radarServer</serviceName>
        <documentation type="summary">NEXRAD Level II Radar WSR-88D from IDD. Sent every 5 minutes.</documentation>
        <timeCoverage>
          <end>present</end>
          <duration>14 days</duration>
        </timeCoverage>
        <variables vocabulary="DIF">
          <variable name="Reflectivity" vocabulary_name="EARTH SCIENCE &gt; Spectral/Engineering &gt; Radar &gt; Radar Reflectivity" units="db"/>
          <variable name="Velocity" vocabulary_name="EARTH SCIENCE &gt; Spectral/Engineering &gt; Radar &gt; Doppler Velocity" units="m/s"/>
          <variable name="SpectrumWidth" vocabulary_name="EARTH SCIENCE &gt; Spectral/Engineering &gt; Radar &gt; Doppler Spectrum Width" units="m/s"/>
        </variables>
        <documentation xlink:title="Available Stations" xlink:href="/thredds/radarServer/nexrad/level2/IDD/stations.xml"/>
        <documentation type="path">nexrad/level2/IDD</documentation>
        <geospatialCoverage>
          <northsouth>
            <start>20.0</start>
            <size>40.0</size>
            <units>degrees_north</units>
          </northsouth>
          <eastwest>
            <start>-135.0</start>
            <size>70.0</size>
            <units>degrees_east</units>
          </eastwest>
          <updown>
            <start>0.0</start>
            <size>0.0</size>
            <units>km</units>
          </updown>
        </geospatialCoverage>
      </metadata>
    </datasetScan>



    <datasetScan name="NEXRAD Level III Radar from IDD" ID="nexrad/level3/IDD" path="nexrad/level3/IDD" location="/data/ldm/pub/native/radar/level3/nexrad/">
      <metadata inherited="true">
        <dataType>Radial</dataType>
        <dataFormat>NIDS</dataFormat>
        <serviceName>radarServer</serviceName>
        <documentation type="summary">The NIDS data feed provides roughly 20 radar products sent every 5-10 minutes from 154 sites over NOAAPORT broadcast.
          These "derived" products include base reflectivity and velocity, composite reflectivity, precipitation estimates, echo tops and VAD winds
        </documentation>
        <documentation xlink:href="http://www.unidata.ucar.edu/data/radar.html" xlink:title="Unidata description of NOAAPORT radar data"/>
        <documentation xlink:href="http://www.ncdc.noaa.gov/oa/radar/radarresources.html" xlink:title="NCDC Radar Resources"/>
        <documentation xlink:href="http://lwf.ncdc.noaa.gov/oa/radar/radarproducts.html" xlink:title="Description of Radar Products (NCDC)"/>
        <documentation xlink:title="Available Stations" xlink:href="/thredds/radarServer/nexrad/level3/IDD/stations.xml"/>
        <creator>
          <name vocabulary="DIF">DOC/NOAA/NWS</name>
          <contact url="http://www.roc.noaa.gov/" email="http://www.roc.noaa.gov/Feedback/"/>
        </creator>
        <geospatialCoverage>
          <northsouth>
            <start>20.0</start>
            <size>40.0</size>
            <units>degrees_north</units>
          </northsouth>
          <eastwest>
            <start>-135.0</start>
            <size>70.0</size>
            <units>degrees_east</units>
          </eastwest>
          <updown>
            <start>0.0</start>
            <size>0.0</size>
            <units>km</units>
          </updown>
        </geospatialCoverage>
        <timeCoverage>
          <end>present</end>
          <duration>14 days</duration>
        </timeCoverage>
        <variables vocabulary="DIF">
          <variable name="NTP/Storm Total Rainfall" vocabulary_name="EARTH SCIENCE &gt; Atmosphere &gt; Precipitation &gt; Rain" units="in"/>
          <variable name="N1P/Surface Rainfall 1-hour" vocabulary_name="EARTH SCIENCE &gt; Atmosphere &gt; Precipitation &gt; Rain" units="in"/>
          <variable name="N0R/Base Reflectivity Tilt 1" vocabulary_name="EARTH SCIENCE &gt; Spectral/Engineering &gt; Radar &gt; Radar Reflectivity"
                    units="dbZ"/>
          <variable name="N1R/Base Reflectivity Tilt 2" vocabulary_name="EARTH SCIENCE &gt; Spectral/Engineering &gt; Radar &gt; Radar Reflectivity"
                    units="dbZ"/>
          <variable name="N2R/Base Reflectivity Tilt 3" vocabulary_name="EARTH SCIENCE &gt; Spectral/Engineering &gt; Radar &gt; Radar Reflectivity"
                    units="dbZ"/>
          <variable name="N3R/Base Reflectivity Tilt 4" vocabulary_name="EARTH SCIENCE &gt; Spectral/Engineering &gt; Radar &gt; Radar Reflectivity"
                    units="dbZ"/>
          <variable name="N0Z/Base Reflecitvity 248nm" vocabulary_name="EARTH SCIENCE &gt; Spectral/Engineering &gt; Radar &gt; Radar Reflectivity"
                    units="dbZ"/>
          <variable name="NCR/Composite Reflectivity" vocabulary_name="EARTH SCIENCE &gt; Spectral/Engineering &gt; Radar &gt; Radar Reflectivity" units="dbZ"/>
          <variable name="N0V/Radial Velocity Tilt 1" vocabulary_name="EARTH SCIENCE &gt; Spectral/Engineering &gt; Radar &gt; Doppler Velocity" units="knots"/>
          <variable name="N1V/Radial Velocity Tilt 2" vocabulary_name="EARTH SCIENCE &gt; Spectral/Engineering &gt; Radar &gt; Doppler Velocity" units="knots"/>
          <variable name="N0S/Storm-Rel Mean Vel Tilt 1" vocabulary_name="EARTH SCIENCE &gt; Spectral/Engineering &gt; Radar &gt; Doppler Velocity"
                    units="knots"/>
          <variable name="N1S/Storm-Rel Mean Vel Tilt 2" vocabulary_name="EARTH SCIENCE &gt; Spectral/Engineering &gt; Radar &gt; Doppler Velocity"
                    units="knots"/>
          <variable name="N2S/Storm-Rel Mean Vel Tilt 3" vocabulary_name="EARTH SCIENCE &gt; Spectral/Engineering &gt; Radar &gt; Doppler Velocity"
                    units="knots"/>
          <variable name="N3S/Storm-Rel Mean Vel Tilt 4" vocabulary_name="EARTH SCIENCE &gt; Spectral/Engineering &gt; Radar &gt; Doppler Velocity"
                    units="knots"/>
          <variable name="NET/Echo Tops" vocabulary_name="EARTH SCIENCE &gt; Atmosphere &gt; Clouds &gt; Cloud Optical Depth/Thickness" units="1000 feet"/>
          <variable name="NVL/Vertical Liquid H2O" vocabulary_name="EARTH SCIENCE &gt; Atmosphere &gt; Precipitation &gt; Liquid Water Equivalent"
                    units="kg/m2"/>
          <variable name="NVW/Velocity Azimuth Display Wind Profile" vocabulary_name="EARTH SCIENCE &gt; Atmosphere &gt; Atmospheric Winds &gt; Wind Profiles"
                    units="knots"/>
          <variable name="DPA/Digital Precipitation Array" vocabulary_name="EARTH SCIENCE &gt; Atmosphere &gt; Precipitation &gt; Precipitation Amount"
                    units="dBA"/>
          <variable name="DHR/Digital Hybrid Scan Reflectivity" vocabulary_name="EARTH SCIENCE &gt; Spectral/Engineering &gt; Radar &gt; " units="dbZ"/>
          <variable name="DSP/Storm Total Precipitation" vocabulary_name="EARTH SCIENCE &gt; Spectral/Engineering &gt; Radar &gt; " units="in"/>
          <variable name="NMD/Mesocyclone" vocabulary_name="EARTH SCIENCE &gt; Spectral/Engineering &gt; Radar &gt; " units=""/>

          <variable name="N0Q/Base Reflectivity DR Tilt 1" vocabulary_name="EARTH SCIENCE &gt; Spectral/Engineering &gt; Radar &gt; Radar Reflectivity"
                    units="dbZ"/>
          <variable name="NAQ/Base Reflectivity DR Tilt 2" vocabulary_name="EARTH SCIENCE &gt; Spectral/Engineering &gt; Radar &gt; Radar Reflectivity"
                    units="dbZ"/>
          <variable name="N1Q/Base Reflectivity DR Tilt 3" vocabulary_name="EARTH SCIENCE &gt; Spectral/Engineering &gt; Radar &gt; Radar Reflectivity"
                    units="dbZ"/>
          <variable name="NBQ/Base Reflectivity DR Tilt 4" vocabulary_name="EARTH SCIENCE &gt; Spectral/Engineering &gt; Radar &gt; Radar Reflectivity"
                    units="dbZ"/>
          <variable name="N2Q/Base Reflectivity DR Tilt 5" vocabulary_name="EARTH SCIENCE &gt; Spectral/Engineering &gt; Radar &gt; Radar Reflectivity"
                    units="dbZ"/>
          <variable name="N3Q/Base Reflectivity DR Tilt 6" vocabulary_name="EARTH SCIENCE &gt; Spectral/Engineering &gt; Radar &gt; Radar Reflectivity"
                    units="dbZ"/>

          <variable name="N0X/Differential Reflectivity DR Tilt 1" vocabulary_name="EARTH SCIENCE &gt; Spectral/Engineering &gt; Radar &gt; Radar Reflectivity"
                    units="dbZ"/>
          <variable name="NAX/Differential Reflectivity DR Tilt 2" vocabulary_name="EARTH SCIENCE &gt; Spectral/Engineering &gt; Radar &gt; Radar Reflectivity"
                    units="dbZ"/>
          <variable name="N1X/Differential Reflectivity DR Tilt 3" vocabulary_name="EARTH SCIENCE &gt; Spectral/Engineering &gt; Radar &gt; Radar Reflectivity"
                    units="dbZ"/>
          <variable name="NBX/Differential Reflectivity DR Tilt 4" vocabulary_name="EARTH SCIENCE &gt; Spectral/Engineering &gt; Radar &gt; Radar Reflectivity"
                    units="dbZ"/>
          <variable name="N2X/Differential Reflectivity DR Tilt 5" vocabulary_name="EARTH SCIENCE &gt; Spectral/Engineering &gt; Radar &gt; Radar Reflectivity"
                    units="dbZ"/>
          <variable name="N3X/Differential Reflectivity DR Tilt 6" vocabulary_name="EARTH SCIENCE &gt; Spectral/Engineering &gt; Radar &gt; Radar Reflectivity"
                    units="dbZ"/>

          <variable name="N0U/Radial Velocity DV Tilt 1" vocabulary_name="EARTH SCIENCE &gt; Spectral/Engineering &gt; Radar &gt; Doppler Velocity"
                    units="knots"/>
          <variable name="NAU/Radial Velocity DV Tilt 2" vocabulary_name="EARTH SCIENCE &gt; Spectral/Engineering &gt; Radar &gt; Doppler Velocity"
                    units="knots"/>
          <variable name="N1U/Radial Velocity DV Tilt 3" vocabulary_name="EARTH SCIENCE &gt; Spectral/Engineering &gt; Radar &gt; Doppler Velocity"
                    units="knots"/>
          <variable name="NBU/Radial Velocity DV Tilt 4" vocabulary_name="EARTH SCIENCE &gt; Spectral/Engineering &gt; Radar &gt; Doppler Velocity"
                    units="knots"/>
          <variable name="N2U/Radial Velocity DV Tilt 5" vocabulary_name="EARTH SCIENCE &gt; Spectral/Engineering &gt; Radar &gt; Doppler Velocity"
                    units="knots"/>
          <variable name="N3U/Radial Velocity DV Tilt 6" vocabulary_name="EARTH SCIENCE &gt; Spectral/Engineering &gt; Radar &gt; Doppler Velocity"
                    units="knots"/>

          <variable name="DVL/Digital Vertical Liquid H2O" vocabulary_name="EARTH SCIENCE &gt; Atmosphere &gt; Precipitation &gt; Liquid Water Equivalent"
                    units="kg/m2"/>
          <variable name="EET/Enchanced Echo Tops" vocabulary_name="EARTH SCIENCE &gt; Atmosphere &gt; Clouds &gt; Cloud Optical Depth/Thickness"
                    units="1000 feet"/>

        </variables>
      </metadata>
    </datasetScan>

    <datasetScan name="TDWR Level III Radar from IDD" collectionType="TimeSeries" ID="terminal/level3/IDD" path="terminal/level3/IDD"
                 location="/data/ldm/pub/native/radar/level3/tdwr/">
      <metadata inherited="true">
        <dataType>Radial</dataType>
        <dataFormat>NIDS</dataFormat>
        <serviceName>radarServer</serviceName>
        <documentation type="summary">The TDWR data feed provides roughly 20 radar products sent every 5-10 minutes from 154 sites over NOAAPORT broadcast.
          These "derived" products include base reflectivity and velocity
        </documentation>
        <documentation xlink:href="http://www.unidata.ucar.edu/data/radar.html" xlink:title="Unidata description of NOAAPORT radar data"/>
        <documentation xlink:href="http://www.ncdc.noaa.gov/oa/radar/radarresources.html" xlink:title="NCDC Radar Resources"/>
        <documentation xlink:href="http://lwf.ncdc.noaa.gov/oa/radar/radarproducts.html" xlink:title="Description of Radar Products (NCDC)"/>
        <documentation xlink:title="Available Stations" xlink:href="/thredds/radarServer/terminal/level3/IDD/stations.xml"/>
        <creator>
          <name vocabulary="DIF">DOC/NOAA/NWS</name>
          <contact url="http://www.roc.noaa.gov/" email="http://www.roc.noaa.gov/Feedback/"/>
        </creator>
        <geospatialCoverage>
          <northsouth>
            <start>20.0</start>
            <size>40.0</size>
            <units>degrees_north</units>
          </northsouth>
          <eastwest>
            <start>-135.0</start>
            <size>70.0</size>
            <units>degrees_east</units>
          </eastwest>
          <updown>
            <start>0.0</start>
            <size>0.0</size>
            <units>km</units>
          </updown>
        </geospatialCoverage>
        <timeCoverage>
          <end>present</end>
          <duration>14 days</duration>
        </timeCoverage>
        <variables vocabulary="DIF">
          <variable name="TR0/Base Reflectivity Tilt 1" vocabulary_name="EARTH SCIENCE &gt; Spectral/Engineering &gt; Radar &gt; Radar Reflectivity"
                    units="dbZ"/>
          <variable name="TR1/Base Reflectivity Tilt 2" vocabulary_name="EARTH SCIENCE &gt; Spectral/Engineering &gt; Radar &gt; Radar Reflectivity"
                    units="dbZ"/>
          <variable name="TR2/Base Reflectivity Tilt 3" vocabulary_name="EARTH SCIENCE &gt; Spectral/Engineering &gt; Radar &gt; Radar Reflectivity"
                    units="dbZ"/>
          <variable name="TV0/Base Radial Velocity Tilt 1" vocabulary_name="EARTH SCIENCE &gt; Spectral/Engineering &gt; Radar &gt; Doppler Velocity"
                    units="knots"/>
          <variable name="TV1/Base Radial Velocity Tilt 2" vocabulary_name="EARTH SCIENCE &gt; Spectral/Engineering &gt; Radar &gt; Doppler Velocity"
                    units="knots"/>
          <variable name="TV2/Base Radial Velocity Tilt 3" vocabulary_name="EARTH SCIENCE &gt; Spectral/Engineering &gt; Radar &gt; Doppler Velocity"
                    units="knots"/>
          <variable name="TZL/Long Range Reflectivity" vocabulary_name="EARTH SCIENCE &gt; Spectral/Engineering &gt; Radar &gt; " units="dbZ"/>
          <variable name="DHR/Digital Hybrid Scan Reflectivity" vocabulary_name="EARTH SCIENCE &gt; Spectral/Engineering &gt; Radar &gt; " units="dbZ"/>
          <variable name="NCR/Composite Reflectivity" vocabulary_name="EARTH SCIENCE &gt; Spectral/Engineering &gt; Radar &gt; Radar Reflectivity" units="dbZ"/>
          <variable name="NET/Echo Tops" vocabulary_name="EARTH SCIENCE &gt; Atmosphere &gt; Clouds &gt; Cloud Optical Depth/Thickness" units="1000 feet"/>
          <variable name="NVW/Velocity Azimuth Display Wind Profile" vocabulary_name="EARTH SCIENCE &gt; Atmosphere &gt; Atmospheric Winds &gt; Wind Profiles"
                    units="knots"/>
          <variable name="NVL/Vertical Integrated Liquid" vocabulary_name="EARTH SCIENCE &gt; Atmosphere &gt; Precipitation &gt; Liquid Water Equivalent"
                    units="kg/m2"/>
          <variable name="N1P/Surface Rainfall 1-hour" vocabulary_name="EARTH SCIENCE &gt; Atmosphere &gt; Precipitation &gt; Rain" units="in"/>
          <variable name="NTP/Storm Total Rainfall" vocabulary_name="EARTH SCIENCE &gt; Atmosphere &gt; Precipitation &gt; Rain" units="in"/>
          <variable name="DPA/Digital Precipitation Array" vocabulary_name="EARTH SCIENCE &gt; Atmosphere &gt; Precipitation &gt; Precipitation Amount"
                    units="dBA"/>
          <variable name="DSP/Storm Total Precipitation" vocabulary_name="EARTH SCIENCE &gt; Spectral/Engineering &gt; Radar &gt; " units="in"/>
          <variable name="NMD/Mesocyclone" vocabulary_name="EARTH SCIENCE &gt; Spectral/Engineering &gt; Radar &gt; " units=""/>
        </variables>
      </metadata>
    </datasetScan>
  </dataset>
</catalog>