<?xml version="1.0" encoding="UTF-8"?>
<catalog xmlns="http://www.unidata.ucar.edu/namespaces/thredds/InvCatalog/v1.0"
         xmlns:xlink="http://www.w3.org/1999/xlink"
         name="Unidata THREDDS Data Server - NCEP models"
         version="1.0.7">

  <service name="latest" serviceType="Resolver" base=""/>

  <service name="fullServices" serviceType="Compound" base="">
    <service name="opendap" serviceType="OPENDAP" base="/thredds/dodsC/"/>
    <service name="HTTPServer" serviceType="HTTPServer" base="/thredds/fileServer/"/>
    <service name="wcs" serviceType="WCS" base="/thredds/wcs/"/>
    <service name="wms" serviceType="WMS" base="/thredds/wms/"/>
    <service name="ncss" serviceType="NetcdfSubset" base="/thredds/ncss/"/>
    <service name="cdmremote" serviceType="CdmRemote" base="/thredds/cdmremote/"/>
    <service name="ncml" serviceType="NCML" base="/thredds/ncml/"/>
    <service name="uddc" serviceType="UDDC" base="/thredds/uddc/"/>
    <service name="iso" serviceType="ISO" base="/thredds/iso/"/>
  </service>

  <dataset name="NCEP Forecast Models">

    <metadata inherited="true">
      <serviceName>fullServices</serviceName>
      <authority>edu.ucar.unidata</authority>
      <dataType>GRID</dataType>
      <dataFormat>GRIB-2</dataFormat>
      <documentation xlink:href="http://www.emc.ncep.noaa.gov/modelinfo/index.html"
                     xlink:title="NCEP Model documentation"/>
      <documentation type="rights">Freely available</documentation>
      <documentation type="processing_level">Transmitted through Unidata Internet Data Distribution.</documentation>
      <documentation type="processing_level">Read by CDM Grib Collection.</documentation>
      <documentation xlink:href="http://www.nco.ncep.noaa.gov/pmb/nwprod/analysis/"
                     xlink:title="NCEP/NWS Model Analyses and Forecasts page"/>
      <documentation xlink:href="http://www.unidata.ucar.edu/data/index.html#model"
                     xlink:title="Unidata IDD Model Data page"/>

      <creator>
        <name vocabulary="DIF">DOC/NOAA/NWS/NCEP</name>
        <contact url="http://www.ncep.noaa.gov/" email="http://www.ncep.noaa.gov/mail_liaison.shtml"/>
      </creator>
      <publisher>
        <name vocabulary="DIF">UCAR/UNIDATA</name>
        <contact url="http://www.unidata.ucar.edu/" email="support@unidata.ucar.edu"/>
      </publisher>
      <creator>
        <name vocabulary="ADN">National Oceanic and Atmospheric Administration (NOAA)/National Weather Service (NWS)
          National Center for Environmental Prediction (NCEP)
        </name>
        <contact url="http://www.ncep.noaa.gov/" email="http://www.ncep.noaa.gov/mail_liaison.shtml"/>
      </creator>
      <publisher>
        <name vocabulary="ADN">University Corporation for Atmospheric Research (UCAR)/Unidata</name>
        <contact url="http://www.unidata.ucar.edu/" email="support@unidata.ucar.edu"/>
      </publisher>
      <timeCoverage>
        <end>present</end>
        <duration>45 days</duration>
      </timeCoverage>
    </metadata>

    <dataset name="Global Forecast System (GFS)">

      <metadata inherited="true">
        <documentation type="summary">NCEP Global Forecast System Model, previously called AVN/MRF (Medium Range Forecast)</documentation>
        <documentation xlink:href="http://meted.ucar.edu/nwp/pcu2/avintro.htm"
                       xlink:title="COMET MetEd (Meteorology Education and Training) documentation"/>
        <documentation xlink:href="http://www.nco.ncep.noaa.gov/pmb/products/gfs/"
                       xlink:title="NCEP Model Notes"/>
      </metadata>

      <dataset name="GFS Quarter Degree - Global Coverage">
          <metadata inherited="true">
            <documentation type="summary">NCEP GFS Model : AWIPS 230 (G) Grid. Global Lat/Lon grid.
              Model runs at 0, 6, 12, and 18Z.
              Horizontal= 721 by 14400 points, resolution 0.25 degree, Lat/Lon projection.
              Vertical= 1000 to 100 hPa mandatory pressure levels (26 levels); surface, height above ground, pressure layers.
            </documentation>
          </metadata>

          <featureCollection name="GFS Quarter Degree Analysis" featureType="GRIB2" harvest="true" path="grib/NCEP/GFS/Global_0p25deg_ana">
            <metadata inherited="true">
              <documentation type="summary">Analysis grids only.</documentation>
            </metadata>

            <collection name="GFS-Global_0p25deg_ana"
                        spec="/data/ldm/pub/native/grid/NCEP/GFS/Global_0p25deg_ana/.*grib2$"
                        timePartition="file"
                        dateFormatMark="#GFS_Global_0p25deg_ana_#yyyyMMdd_HHmm"
                        olderThan="5 min"/>
            <tdm rewrite="test" rescan="0 8,23,38,53 * * * ? *"/>
          </featureCollection>

          <featureCollection name="GFS Quarter Degree Forecast" featureType="GRIB2" harvest="true" path="grib/NCEP/GFS/Global_0p25deg">
            <metadata inherited="true">
              <documentation type="summary">Forecasts grids starting from the 0 hour forecast every 3 hours out to 10 days,
              then 12 hour forecasts for days 10-16.
              </documentation>
            </metadata>

            <collection name="GFS-Global_0p25deg"
                        spec="/data/ldm/pub/native/grid/NCEP/GFS/Global_0p25deg/.*grib2$"
                        timePartition="file"
                        dateFormatMark="#GFS_Global_0p25deg_#yyyyMMdd_HHmm"
                        olderThan="5 min"/>
            <tdm rewrite="test" rescan="0 8,23,38,53 * * * ? *"/>
          </featureCollection>
      </dataset>
    </dataset>
  </dataset> <!-- end of NCEP Analysis and Forecast Models -->
</catalog>

