<?xml version="1.0" encoding="UTF-8"?>
<catalog xmlns:xsi="http://www.w3.org/2001/XMLSchema-instance"
         xmlns="http://www.unidata.ucar.edu/namespaces/thredds/InvCatalog/v1.0"
         xmlns:xlink="http://www.w3.org/1999/xlink"
         name="Unidata THREDDS Data Server - NOAA GSD models"
         version="1.0.5">

  <service name="latest" serviceType="Resolver" base=""/>

  <service name="fullServices" serviceType="Compound" base="">
    <service name="ncdods" serviceType="OPENDAP" base="/thredds/dodsC/"/>
    <service name="HTTPServer" serviceType="HTTPServer" base="/thredds/fileServer/"/>
    <service name="wcs" serviceType="WCS" base="/thredds/wcs/"/>
    <service name="wms" serviceType="WMS" base="/thredds/wms/"/>
    <service name="ncss" serviceType="NetcdfSubset" base="/thredds/ncss/"/>
    <service name="cdmremote" serviceType="CdmRemote" base="/thredds/cdmremote/"/>
    <service name="ncml" serviceType="NCML" base="/thredds/ncml/"/>
    <service name="uddc" serviceType="UDDC" base="/thredds/uddc/"/>
    <service name="iso" serviceType="ISO" base="/thredds/iso/"/>
  </service>

  <dataset name="HRRR Datasets">
    <metadata inherited="true">
      <serviceName>fullServices</serviceName>
      <authority>edu.ucar.unidata</authority>
      <dataType>GRID</dataType>
      <dataFormat>GRIB-2</dataFormat>
    </metadata>

    <dataset name="High Resolution Rapid Refresh (HRRR) from GSD">

      <featureCollection name="GSD HRRR CONUS 3km wrfprs" featureType="GRIB2" harvest="true" path="grib/HRRR/CONUS_3km/wrfprs">
        <collection name="GSD_HRRR_CONUS_3km_wrfprs"
                    spec="/data/ldm/pub/native/grid/NOAA_GSD/HRRR/CONUS_3km/wrfprs/.*grib2$"
                    timePartition="file"
                    dateFormatMark="#HRRR_CONUS_3km_wrfprs_#yyyyMMddHHmm"
                    olderThan="5 min"/>
        <tdm rewrite="test" rescan="0 0/15 * * * ? *" />
      </featureCollection>

      <featureCollection name="GSD HRRR CONUS 3km surface" featureType="GRIB2" harvest="true" path="grib/HRRR/CONUS_3km/surface">

        <collection name="GSD_HRRR_CONUS_3km_surface"
                    spec="/data/ldm/pub/native/grid/NOAA_GSD/HRRR/CONUS_3km/surface/.*grib2$"
                    timePartition="file"
                    dateFormatMark="#HRRR_CONUS_3km_surface_#yyyyMMddHHmm"
                    olderThan="5 min"/>
        <tdm rewrite="test" rescan="0 0/15 * * * ? *"/>
        <gribConfig>
          <option name="timeUnit" value="1 minute" />
        </gribConfig>
      </featureCollection>
    </dataset>

    <dataset name="High Resolution Rapid Refresh (HRRR) from NCEP">

      <metadata inherited="true">
        <documentation type="summary">NCEP High Resolution Rapid Refresh</documentation>
        <documentation xlink:href="http://www.nco.ncep.noaa.gov/pmb/products/hrrr/"
                       xlink:title="NCEP Model Notes"/>
      </metadata>

      <featureCollection name="NCEP HRRR CONUS 2.5km" featureType="GRIB2" harvest="true" path="grib/NCEP/HRRR/CONUS_2p5km">
        <dataFormat>GRIB-2</dataFormat>
        <metadata inherited="true">
          <documentation type="summary">NCEP HRRR Model : AWIPS 184 (C) Grid. 2.5 km NDFD grid over CONUS (Lambert Conformal).
            Model runs are made hourly, with analysis and forecasts every hour out 15 hours.
            Horizontal = 2145 by 1377 points, resolution 3 km, Lambert Conformal projection.
            Vertical = 1000 to 500 hPa mandatory pressure levels (5 levels); surface, height above ground, pressure layers.
          </documentation>
        </metadata>

        <collection name="NCEP_HRRR_CONUS_2p5km"
                    spec="/data/ldm/pub/native/grid/NCEP/HRRR/CONUS_2p5km/HRRR_CONUS_2p5km_#yyyyMMdd_HHmm#.grib2"
                    timePartition="file"
                    olderThan="5 min"/>
        <tdm rewrite="test" rescan="0 0/15 * * * ? *"/>
      </featureCollection>
    </dataset>
  </dataset>


</catalog>

