<?xml version="1.0" encoding="UTF-8"?>
<catalog xmlns:xsi="http://www.w3.org/2001/XMLSchema-instance"
         xmlns="http://www.unidata.ucar.edu/namespaces/thredds/InvCatalog/v1.0"
         xmlns:xlink="http://www.w3.org/1999/xlink"
         name="Unidata THREDDS Data Server - NOAA GSD models"
         version="1.0.5">

  <service name="latest" serviceType="Resolver" base=""/>

  <service name="fullServices" serviceType="Compound" base="">
    <service name="ncdods" serviceType="OPENDAP" base="/thredds/dodsC/"/>
    <service name="HTTPServer" serviceType="HTTPServer" base="/thredds/fileServer/"/>
    <service name="wcs" serviceType="WCS" base="/thredds/wcs/"/>
    <service name="wms" serviceType="WMS" base="/thredds/wms/"/>
    <service name="ncss" serviceType="NetcdfSubset" base="/thredds/ncss/"/>
    <service name="cdmremote" serviceType="CdmRemote" base="/thredds/cdmremote/"/>
    <service name="ncml" serviceType="NCML" base="/thredds/ncml/"/>
    <service name="uddc" serviceType="UDDC" base="/thredds/uddc/"/>
    <service name="iso" serviceType="ISO" base="/thredds/iso/"/>
  </service>

  <dataset name="High Resolution Rapid Refresh (HRRR)">
    <metadata inherited="true">
      <serviceName>fullServices</serviceName>
      <authority>edu.ucar.unidata</authority>
      <dataType>GRID</dataType>
      <dataFormat>GRIB-2</dataFormat>
    </metadata>

    <dataset name="HRRR from NOAA/GSD">

      <featureCollection name="GSD HRRR CONUS 3km wrfprs" featureType="GRIB2" harvest="true" path="grib/HRRR/CONUS_3km/wrfprs">
        <collection name="GSD_HRRR_CONUS_3km_wrfprs"
                    spec="/data/ldm/pub/native/grid/NOAA_GSD/HRRR/CONUS_3km/wrfprs/.*grib2$"
                    timePartition="file"
                    dateFormatMark="#HRRR_CONUS_3km_wrfprs_#yyyyMMddHHmm"
                    olderThan="5 min"/>
        <tdm rewrite="test" rescan="0 0/15 * * * ? *" />
      </featureCollection>

      <featureCollection name="GSD HRRR CONUS 3km surface" featureType="GRIB2" harvest="true" path="grib/HRRR/CONUS_3km/surface">

        <collection name="GSD_HRRR_CONUS_3km_surface"
                    spec="/data/ldm/pub/native/grid/NOAA_GSD/HRRR/CONUS_3km/surface/.*grib2$"
                    timePartition="file"
                    dateFormatMark="#HRRR_CONUS_3km_surface_#yyyyMMddHHmm"
                    olderThan="5 min"/>
        <tdm rewrite="test" rescan="0 0/15 * * * ? *"/>
        <gribConfig>
          <option name="timeUnit" value="1 minute" />
        </gribConfig>
      </featureCollection>
    </dataset> <!-- End of NOAA GSD HRRR Datasets -->
  </dataset> <!-- End of HRRR Datasets -->
  
</catalog>

