<?xml version="1.0" encoding="UTF-8"?>
<catalog xmlns:xsi="http://www.w3.org/2001/XMLSchema-instance"
         xmlns="http://www.unidata.ucar.edu/namespaces/thredds/InvCatalog/v1.0"
         xmlns:xlink="http://www.w3.org/1999/xlink"
         name="Unidata THREDDS Data Server - NCEP models"
         version="1.0.6">

  <service name="latest" serviceType="Resolver" base=""/>

  <service name="fullServices" serviceType="Compound" base="">
    <service name="ncdods" serviceType="OPENDAP" base="/thredds/dodsC/"/>
    <service name="HTTPServer" serviceType="HTTPServer" base="/thredds/fileServer/"/>
    <service name="wcs" serviceType="WCS" base="/thredds/wcs/"/>
    <service name="wms" serviceType="WMS" base="/thredds/wms/"/>
    <service name="ncss" serviceType="NetcdfSubset" base="/thredds/ncss/"/>
    <service name="cdmremote" serviceType="CdmRemote" base="/thredds/cdmremote/"/>
    <service name="ncml" serviceType="NCML" base="/thredds/ncml/"/>
    <service name="uddc" serviceType="UDDC" base="/thredds/uddc/"/>
    <service name="iso" serviceType="ISO" base="/thredds/iso/"/>
  </service>

  <dataset name="New Model Data for Testing">

    <metadata inherited="true">
      <serviceName>fullServices</serviceName>
      <authority>edu.ucar.unidata</authority>
      <dataType>GRID</dataType>
      <dataFormat>GRIB-2</dataFormat>
      <documentation xlink:href="http://www.emc.ncep.noaa.gov/modelinfo/index.html"
                     xlink:title="NCEP Model documentation"/>
      <documentation type="rights">Freely available</documentation>
      <documentation type="processing_level">Transmitted through Unidata Internet Data Distribution.</documentation>
      <documentation type="processing_level">Read by CDM Grib Collection.</documentation>
      <documentation xlink:href="http://www.nco.ncep.noaa.gov/pmb/nwprod/analysis/"
                     xlink:title="NCEP/NWS Model Analyses and Forecasts page"/>
      <documentation xlink:href="http://www.unidata.ucar.edu/data/index.html#model"
                     xlink:title="Unidata IDD Model Data page"/>

      <creator>
        <name vocabulary="DIF">DOC/NOAA/NWS/NCEP</name>
        <contact url="http://www.ncep.noaa.gov/" email="http://www.ncep.noaa.gov/mail_liaison.shtml"/>
      </creator>
      <publisher>
        <name vocabulary="DIF">UCAR/UNIDATA</name>
        <contact url="http://www.unidata.ucar.edu/" email="support@unidata.ucar.edu"/>
      </publisher>
      <creator>
        <name vocabulary="ADN">National Oceanic and Atmospheric Administration (NOAA)/National Weather Service (NWS)
          National Center for Environmental Prediction (NCEP)
        </name>
        <contact url="http://www.ncep.noaa.gov/" email="http://www.ncep.noaa.gov/mail_liaison.shtml"/>
      </creator>
      <publisher>
        <name vocabulary="ADN">University Corporation for Atmospheric Research (UCAR)/Unidata</name>
        <contact url="http://www.unidata.ucar.edu/" email="support@unidata.ucar.edu"/>
      </publisher>
      <timeCoverage>
        <end>present</end>
        <duration>45 days</duration>
      </timeCoverage>
    </metadata>
    <dataset name="NCEP Model Data">

      <dataset name="Global Forecast System (GFS)">

        <metadata inherited="true">
          <documentation type="summary">NCEP Global Forecast System Model, previously called AVN/MRF (Medium Range Forecast)</documentation>
          <documentation xlink:href="http://meted.ucar.edu/nwp/pcu2/avintro.htm"
                         xlink:title="COMET MetEd (Meteorology Education and Training) documentation"/>
          <documentation xlink:href="http://www.nco.ncep.noaa.gov/pmb/products/gfs/"
                         xlink:title="NCEP Model Notes"/>
        </metadata>

        <featureCollection name="GFS-CONUS_40km" featureType="GRIB2" harvest="true" path="grib/NCEP/GFS/CONUS_40km">
          <dataFormat>GRIB-2</dataFormat>
          <!-- metadata inherited="true">
            <documentation type="summary">NCEP GFS Model : AWIPS 212 (H) Grid. Regional - CONUS - Double 
              Resolution (Lambert Conformal).
              Model runs are made at 0, 6, 12, and 18Z, with analysis and forecasts every 6 hours out 5 days.
              Horizontal = 129 by 85 points, resolution 40 km, Lambert Conformal projection.
              Vertical = 1000 to 100 hPa mandatory pressure levels (10 levels); surface, height above ground, pressure
              layers.
            </documentation>
          </metadata -->

          <collection spec="/data/ldm/pub/native/grid/NCEP/GFS/CONUS_40km/GFS_CONUS_40km_#yyyyMMdd_HHmm#.grib2"
                      timePartition="file"
                      olderThan="5 min"/>
          <update startup="never" trigger="allow"/>
          <tdm rewrite="test" rescan="0 8,23,38,53 * * * ? *" trigger="allow"/>
        </featureCollection>

      </dataset><!-- end of GFS -->
    </dataset><!-- end of NCEP -->
  </dataset><!-- end of test dataset -->
</catalog>

