<?xml version="1.0" encoding="UTF-8"?>
<catalog xmlns:xsi="http://www.w3.org/2001/XMLSchema-instance"
         xmlns="http://www.unidata.ucar.edu/namespaces/thredds/InvCatalog/v1.0"
         xmlns:xlink="http://www.w3.org/1999/xlink"
         name="Unidata THREDDS Data Server - NCEP models"
         version="1.0.6">

  <service name="latest" serviceType="Resolver" base=""/>

  <service name="fullServices" serviceType="Compound" base="">
    <service name="ncdods" serviceType="OPENDAP" base="/thredds/dodsC/"/>
    <service name="HTTPServer" serviceType="HTTPServer" base="/thredds/fileServer/"/>
    <service name="wcs" serviceType="WCS" base="/thredds/wcs/"/>
    <service name="wms" serviceType="WMS" base="/thredds/wms/"/>
    <service name="ncss" serviceType="NetcdfSubset" base="/thredds/ncss/"/>
    <service name="cdmremote" serviceType="CdmRemote" base="/thredds/cdmremote/"/>
    <service name="ncml" serviceType="NCML" base="/thredds/ncml/"/>
    <service name="uddc" serviceType="UDDC" base="/thredds/uddc/"/>
    <service name="iso" serviceType="ISO" base="/thredds/iso/"/>
  </service>

  <dataset name="New Model Data for Testing">

    <metadata inherited="true">
      <serviceName>fullServices</serviceName>
      <authority>edu.ucar.unidata</authority>
      <dataType>GRID</dataType>
      <dataFormat>GRIB-2</dataFormat>
      <documentation xlink:href="http://www.emc.ncep.noaa.gov/modelinfo/index.html"
                     xlink:title="NCEP Model documentation"/>
      <documentation type="rights">Freely available</documentation>
      <documentation type="processing_level">Transmitted through Unidata Internet Data Distribution.</documentation>
      <documentation type="processing_level">Read by CDM Grib Collection.</documentation>
      <documentation xlink:href="http://www.nco.ncep.noaa.gov/pmb/nwprod/analysis/"
                     xlink:title="NCEP/NWS Model Analyses and Forecasts page"/>
      <documentation xlink:href="http://www.unidata.ucar.edu/data/index.html#model"
                     xlink:title="Unidata IDD Model Data page"/>

      <creator>
        <name vocabulary="DIF">DOC/NOAA/NWS/NCEP</name>
        <contact url="http://www.ncep.noaa.gov/" email="http://www.ncep.noaa.gov/mail_liaison.shtml"/>
      </creator>
      <publisher>
        <name vocabulary="DIF">UCAR/UNIDATA</name>
        <contact url="http://www.unidata.ucar.edu/" email="support@unidata.ucar.edu"/>
      </publisher>
      <creator>
        <name vocabulary="ADN">National Oceanic and Atmospheric Administration (NOAA)/National Weather Service (NWS)
          National Center for Environmental Prediction (NCEP)
        </name>
        <contact url="http://www.ncep.noaa.gov/" email="http://www.ncep.noaa.gov/mail_liaison.shtml"/>
      </creator>
      <publisher>
        <name vocabulary="ADN">University Corporation for Atmospheric Research (UCAR)/Unidata</name>
        <contact url="http://www.unidata.ucar.edu/" email="support@unidata.ucar.edu"/>
      </publisher>
      <timeCoverage>
        <end>present</end>
        <duration>45 days</duration>
      </timeCoverage>
    </metadata>
    <dataset name="NCEP Model Data">

      <dataset name="Global Forecast System (GFS)">

        <metadata inherited="true">
          <documentation type="summary">NCEP Global Forecast System Model, previously called AVN/MRF (Medium Range Forecast)</documentation>
          <documentation xlink:href="http://meted.ucar.edu/nwp/pcu2/avintro.htm"
                         xlink:title="COMET MetEd (Meteorology Education and Training) documentation"/>
          <documentation xlink:href="http://www.nco.ncep.noaa.gov/pmb/products/gfs/"
                         xlink:title="NCEP Model Notes"/>
        </metadata>

        <featureCollection name="GFS-CONUS_40km" featureType="GRIB2" harvest="true" path="grib/NCEP/GFS/CONUS_40km">
          <dataFormat>GRIB-2</dataFormat>
          <metadata inherited="true">
            <!-- documentation type="summary">NCEP GFS Model : AWIPS 212 (H) Grid. Regional - CONUS - Double 
              Resolution (Lambert Conformal).
              Model runs are made at 0, 6, 12, and 18Z, with analysis and forecasts every 6 hours out 5 days.
              Horizontal = 129 by 85 points, resolution 40 km, Lambert Conformal projection.
              Vertical = 1000 to 100 hPa mandatory pressure levels (10 levels); surface, height above ground, pressure
              layers.
            </documentation -->
          </metadata>

          <collection spec="/data/ldm/pub/native/grid/NCEP/GFS/CONUS_40km/GFS_CONUS_40km_#yyyyMMdd_HHmm#.grib2"
                      timePartition="file"
                      olderThan="5 min"/>
          <update startup="never" trigger="allow"/>
          <tdm rewrite="test" rescan="0 8,23,38,53 * * * ? *" trigger="allow"/>
        </featureCollection>


        <featureCollection name="GFS-CONUS_95km_grib2" featureType="GRIB2" harvest="true" path="grib/NCEP/GFS/CONUS_95km_grib2">
          <dataFormat>GRIB-2</dataFormat>
          <metadata inherited="true">
            <!-- documentation type="summary">NCEP GFS Model : AWIPS 213 (H) Grid. National - CONUS - Double Resolution (polar
              stereographic).
              Model runs are made at 0, 6, 12, and 18Z, with analysis and forecasts every 6 hours out 5 days.
              Horizontal = 129 by 85 points, resolution 95.25 km, Polar Stereographic projection.
              Vertical = 1000 to 100 hPa mandatory pressure levels (10 levels); surface, height above ground, pressure
              layers.
            </documentation -->
          </metadata>

          <collection spec="/data/ldm/pub/native/grid/NCEP/GFS/CONUS_95km_grib2/GFS_CONUS_95km_#yyyyMMdd_HHmm#.grib2"
                      timePartition="file"
                      olderThan="5 min"/>
          <update startup="never" trigger="allow"/>
          <tdm rewrite="test" rescan="0 8,23,38,53 * * * ? *" trigger="allow"/>
        </featureCollection>

      </dataset><!-- end of GFS-->
    </dataset><!-- end of NCEP-->

    <dataset name="FNMOC Model Data">

      <metadata inherited="true">
        <authority>edu.ucar.unidata</authority>
        <dataType>Grid</dataType>
        <dataFormat>GRIB-1</dataFormat>
        <documentation xlink:href="http://www.usno.navy.mil/FNMOC/"
                       xlink:title="FNMOC Home page"/>
        <documentation type="rights">Freely available</documentation>
        <documentation type="processing_level">Transmitted through Unidata Internet Data Distribution.</documentation>
        <documentation type="processing_level">Read by CDM Grib Collection.</documentation>

        <creator>
          <name vocabulary="DIF">Fleet Numerical Meteorology and Oceanography Center(FNMOC)
          </name>
          <contact url="http://gcmd.nasa.gov/Aboutus/software_docs/help_guide.html" email="http://gcmd.nasa.gov/MailComments/MailComments.jsf?rcpt=gcmduso"/>
        </creator>
        <publisher>
          <name vocabulary="ADN">University Corporation for Atmospheric Research (UCAR)/Unidata</name>
          <contact url="http://www.unidata.ucar.edu/" email="support@unidata.ucar.edu"/>
        </publisher>
        <timeCoverage>
          <end>present</end>
          <duration>45 days</duration>
        </timeCoverage>
      </metadata>

      <dataset name="Coupled Ocean / Atmosphere Mesoscale Prediction System (COAMPS) Model">
        <metadata inherited="true">
          <documentation xlink:href="http://www.nrlmry.navy.mil/coamps-web/web/home"
                         xlink:title="COAMPS home page"/>
          <documentation xlink:href="http://gcmd.nasa.gov/records/COAMPS.html"
                         xlink:title="GCMD Notes"/>
        </metadata>


        <featureCollection name="FNMOC-COAMPS-Equatorial_America" featureType="GRIB1" harvest="true" path="grib/FNMOC/COAMPS/Equatorial_America">
          <metadata inherited="true">
            <!-- documentation type="summary">FNMOC COAMPS Central America Model : Global Lat/Lon grid.
              Model runs are made at 0 and 12Z, with analysis and forecasts every 3 hours out 48 hours.
              Horizontal= 161 by 301 points, resolution .2 degree, Lat/Lon projection.
            </documentation -->
          </metadata>

          <collection spec="/data/ldm/pub/native/grid/FNMOC/COAMPS/Equatorial_America/FNMOC_COAMPS_Equatorial_America_#yyyyMMdd_HHmm#.grib1"
                      name="FNMOC_COAMPS_Equatorial_America"
                      timePartition="file"
                      olderThan="5 min"/>
          <tdm startup="true" rescan="0 27 * * * ? *" trigger="allow"/>
          <gribConfig datasetTypes="Best LatestFile Files">
            <latestNamer name="Latest FNMOC COAMPS Equatorial America 0.2 degree(?)"/>
            <bestNamer name="Best FNMOC COAMPS Equatorial America 0.2 degree(?) Time Series" />
            <filesSort>
              <lexigraphicByName increasing="false" />
            </filesSort>
          </gribConfig>
        </featureCollection>

        <featureCollection name="FNMOC-COAMPS-Northeast_Pacific" featureType="GRIB1" harvest="true" path="grib/FNMOC/COAMPS/Northeast_Pacific">
          <metadata inherited="true">
            <!-- documentation type="summary">FNMOC COAMPS Eastern Pacific Model : Global Lat/Lon grid.
              Model runs are made at 0 and 12Z, with analysis and forecasts every 3 hours out 48 hours.
              Horizontal= 156 by 231 points, resolution .2 degree, Lat/Lon projection.
            </documentation -->
          </metadata>

          <collection spec="/data/ldm/pub/native/grid/FNMOC/COAMPS/Northeast_Pacific/FNMOC_COAMPS_Northeast_Pacific_#yyyyMMdd_HHmm#.grib1"
                      name="FNMOC_COAMPS_Northeast_Pacific"
                      timePartition="file"
                      olderThan="5 min"/>
          <tdm startup="true" rescan="0 27 * * * ? *" trigger="allow"/>
          <gribConfig datasetTypes="Best LatestFile Files">
            <latestNamer name="Latest FNMOC COAMPS Northeast Pacific 0.2 degree(?)"/>
            <bestNamer name="Best FNMOC COAMPS Northeast Pacific 0.2 degree(?) Time Series" />
            <filesSort>
              <lexigraphicByName increasing="false" />
            </filesSort>
          </gribConfig>
        </featureCollection>

        <featureCollection name="FNMOC-COAMPS-Southern_California" featureType="GRIB1" harvest="true" path="grib/FNMOC/COAMPS/Southern_California">
          <metadata inherited="true">
            <!-- documentation type="summary">FNMOC COAMPS Southern California Model : Global Lat/Lon grid.
              Model runs are made at 0 and 12Z, with analysis and forecasts every 3 hours out 48 hours.
              Horizontal= 156 by 231 points, resolution .2 degree, Lat/Lon projection.
            </documentation -->
          </metadata>

          <collection spec="/data/ldm/pub/native/grid/FNMOC/COAMPS/Southern_California/FNMOC_COAMPS_Southern_California_#yyyyMMdd_HHmm#.grib1"
                      name="FNMOC_COAMPS_Southern_California"
                      timePartition="file"
                      olderThan="5 min"/>
          <tdm startup="true" rescan="0 27 * * * ? *" trigger="allow"/>
          <gribConfig datasetTypes="Best LatestFile Files">
            <latestNamer name="Latest FNMOC COAMPS Southern California 0.2 degree(?)"/>
            <bestNamer name="Best FNMOC COAMPS Southern California 0.2 degree(?) Time Series" />
            <filesSort>
              <lexigraphicByName increasing="false" />
            </filesSort>
          </gribConfig>
        </featureCollection>
      </dataset><!-- end of COAMPS -->

    </dataset><!-- end of FNMOC -->

  </dataset><!-- end of test dataset -->
</catalog>

