<?xml version="1.0" encoding="UTF-8"?>
<catalog xmlns:xsi="http://www.w3.org/2001/XMLSchema-instance"
         xmlns="http://www.unidata.ucar.edu/namespaces/thredds/InvCatalog/v1.0"
         xmlns:xlink="http://www.w3.org/1999/xlink"
         name="Unidata THREDDS Data Server - NCEP models"
         version="1.0.6">

  <service name="latest" serviceType="Resolver" base=""/>

  <service name="fullServices" serviceType="Compound" base="">
    <service name="ncdods" serviceType="OPENDAP" base="/thredds/dodsC/"/>
    <service name="HTTPServer" serviceType="HTTPServer" base="/thredds/fileServer/"/>
    <service name="wcs" serviceType="WCS" base="/thredds/wcs/"/>
    <service name="wms" serviceType="WMS" base="/thredds/wms/"/>
    <service name="ncss" serviceType="NetcdfSubset" base="/thredds/ncss/"/>
    <service name="cdmremote" serviceType="CdmRemote" base="/thredds/cdmremote/"/>
    <service name="ncml" serviceType="NCML" base="/thredds/ncml/"/>
    <service name="uddc" serviceType="UDDC" base="/thredds/uddc/"/>
    <service name="iso" serviceType="ISO" base="/thredds/iso/"/>
  </service>

  <dataset name="New Model Data for Testing">

    <metadata inherited="true">
      <serviceName>fullServices</serviceName>
      <authority>edu.ucar.unidata</authority>
      <dataType>GRID</dataType>
      <dataFormat>GRIB-2</dataFormat>
      <documentation xlink:href="http://www.emc.ncep.noaa.gov/modelinfo/index.html"
                     xlink:title="NCEP Model documentation"/>
      <documentation type="rights">Freely available</documentation>
      <documentation type="processing_level">Transmitted through Unidata Internet Data Distribution.</documentation>
      <documentation type="processing_level">Read by CDM Grib Collection.</documentation>
      <documentation xlink:href="http://www.nco.ncep.noaa.gov/pmb/nwprod/analysis/"
                     xlink:title="NCEP/NWS Model Analyses and Forecasts page"/>
      <documentation xlink:href="http://www.unidata.ucar.edu/data/index.html#model"
                     xlink:title="Unidata IDD Model Data page"/>

      <creator>
        <name vocabulary="DIF">DOC/NOAA/NWS/NCEP</name>
        <contact url="http://www.ncep.noaa.gov/" email="http://www.ncep.noaa.gov/mail_liaison.shtml"/>
      </creator>
      <publisher>
        <name vocabulary="DIF">UCAR/UNIDATA</name>
        <contact url="http://www.unidata.ucar.edu/" email="support@unidata.ucar.edu"/>
      </publisher>
      <creator>
        <name vocabulary="ADN">National Oceanic and Atmospheric Administration (NOAA)/National Weather Service (NWS)
          National Center for Environmental Prediction (NCEP)
        </name>
        <contact url="http://www.ncep.noaa.gov/" email="http://www.ncep.noaa.gov/mail_liaison.shtml"/>
      </creator>
      <publisher>
        <name vocabulary="ADN">University Corporation for Atmospheric Research (UCAR)/Unidata</name>
        <contact url="http://www.unidata.ucar.edu/" email="support@unidata.ucar.edu"/>
      </publisher>
      <timeCoverage>
        <end>present</end>
        <duration>1 day</duration>
      </timeCoverage>
    </metadata>
    <!--dataset name="NCEP Model Data">
      <metadata inherited="true">
        <documentation type="summary">NCEP Global Forecast System Model, previously called AVN/MRF (Medium Range Forecast)</documentation>
        <documentation xlink:href="http://meted.ucar.edu/nwp/pcu2/avintro.htm"
                       xlink:title="COMET MetEd (Meteorology Education and Training) documentation"/>
        <documentation xlink:href="http://www.nco.ncep.noaa.gov/pmb/products/gfs/"
                       xlink:title="NCEP Model Notes"/>
      </metadata>

      <featureCollection name="GFS-Global_0p25deg" featureType="GRIB2" harvest="true" path="grib/NCEP/GFS/Global_0p25deg">
        <metadata inherited="true">
          <documentation type="summary">NCEP GFS Model : AWIPS 230 (G) Grid. Global Lat/Lon grid.
            Model runs at 0, 6, 12, and 18Z, with analysis and forecasts every 3 hours from 96 to 180 hours (4 to 7.5 days).
            Horizontal= 361 by 720 points, resolution 0.5 degree, Lat/Lon projection.
            Vertical= 1000 to 100 hPa mandatory pressure levels (10 levels); surface, height above ground, pressure layers.
          </documentation>
        </metadata>

        <collection spec="/data/ldm/pub/native/grid/NCEP/GFS/Global_0p25deg/.*grib2$"
                    timePartition="file"
                    dateFormatMark="#GFS_Global_0p25deg_#yyyyMMdd_HHmm"
                    olderThan="5 min"/>
        <tdm rewrite="test" rescan="0 8,23,38,53 * * * ? *"/>
      </featureCollection>

    </dataset -->
    <!-- end of NCEP -->

    <dataset name="Multi-Radar Multi-Sensor (MRMS) Analysis">
      <metadata inherited="true">
        <documentation type="summary">Multi-radar multi-sensor analysis produced by the National Severe Storms Laboratory</documentation>
        <documentation xlink:href="http://www.nssl.noaa.gov/projects/mrms/"
                       xlink:title="MRMS Documentation"/>
      </metadata>

      <featureCollection name="MRMS Base Reflectivity" featureType="GRIB2" harvest="true" path="grib/NCEP/MRMS/BaseRef">
	<metadata inherited="true">
          <documentation type="summary">Base Reflectivity Fields</documentation>
	</metadata>
        <collection name="MRMS-BaseRef"
                    spec="/data/ldm/pub/native/grid/NCEP/MRMS/BaseRef/.*grib2$"
                    timePartition="file"
                    dateFormatMark="#MRMS_BaseReflectivity_#yyyyMMdd_HHmm"
                    olderThan="5 min"/>
        <tdm rewrite="test" rescan="0 0/2 * * * ? *"/>
      </featureCollection>

      <featureCollection name="MRMS Model-derived fields" featureType="GRIB2" harvest="true" path="grib/NCEP/MRMS/Model">
	<metadata inherited="true">
          <documentation type="summary">MRMS Model-derived fields</documentation>
	</metadata>
        <collection name="MRMS-Model"
                    spec="/data/ldm/pub/native/grid/NCEP/MRMS/Model/.*grib2$"
                    timePartition="file"
                    dateFormatMark="#MRMS_Model_#yyyyMMdd"
                    olderThan="15 min"/>
        <tdm rewrite="test" rescan="0 0/15 * * * ? *"/>
      </featureCollection>

      <featureCollection name="MRMS NLDN Analysis" featureType="GRIB2" harvest="true" path="grib/NCEP/MRMS/NLDN">
	<metadata inherited="true">
          <documentation type="summary">MRMS NLDN (lightning) fields</documentation>
	</metadata>
        <collection name="MRMS-NLDN"
                    spec="/data/ldm/pub/native/grid/NCEP/MRMS/NLDN/.*grib2$"
                    timePartition="file"
                    dateFormatMark="#MRMS_NLDN_#yyyyMMdd_HHmm"
                    olderThan="5 min"/>
        <tdm rewrite="test" rescan="0 0/2 * * * ? *"/>
      </featureCollection>

      <featureCollection name="MRMS Precipitation Analysis" featureType="GRIB2" harvest="true" path="grib/NCEP/MRMS/Precip">
	<metadata inherited="true">
          <documentation type="summary">MRMS Precipitation fields</documentation>
	</metadata>
        <collection name="MRMS-Precip"
                    spec="/data/ldm/pub/native/grid/NCEP/MRMS/Precip/.*grib2$"
                    timePartition="file"
                    dateFormatMark="#MRMS_Precip_#yyyyMMdd_HHmm"
                    olderThan="5 min"/>
        <tdm rewrite="test" rescan="0 0/5 * * * ? *"/>
      </featureCollection>

      <featureCollection name="MRMS Radar Analysis" featureType="GRIB2" harvest="true" path="grib/NCEP/MRMS/Radar">
	<metadata inherited="true">
          <documentation type="summary">MRMS Radar fields</documentation>
	</metadata>
        <collection name="MRMS-Radar"
                    spec="/data/ldm/pub/native/grid/NCEP/MRMS/Radar/.*grib2$"
                    timePartition="file"
                    dateFormatMark="#MRMS_Radar_#yyyyMMdd_HHmm"
                    olderThan="5 min"/>
        <tdm rewrite="test" rescan="0 0/5 * * * ? *"/>
      </featureCollection>

      <featureCollection name="MRMS Low-Level Rotation Tracks" featureType="GRIB2" harvest="true" path="grib/NCEP/MRMS/RotationTrack">
	<metadata inherited="true">
          <documentation type="summary">MRMS Low-level Rotation Tracks</documentation>
	</metadata>
        <collection name="MRMS-RotationTracks"
                    spec="/data/ldm/pub/native/grid/NCEP/MRMS/RotationTrack/.*grib2$"
                    timePartition="file"
                    dateFormatMark="#MRMS_RotationTrack_#yyyyMMdd_HHmm"
                    olderThan="5 min"/>
        <tdm rewrite="test" rescan="0 0/5 * * * ? *"/>
      </featureCollection>

      <featureCollection name="MRMS Mid-Level Rotation Tracks" featureType="GRIB2" harvest="true" path="grib/NCEP/MRMS/RotationTrackML">
	<metadata inherited="true">
          <documentation type="summary">MRMS Mid-level Rotation Tracks</documentation>
	</metadata>
        <collection name="MRMS-RotationTracksML"
                    spec="/data/ldm/pub/native/grid/NCEP/MRMS/RotationTrackML/.*grib2$"
                    timePartition="file"
                    dateFormatMark="#MRMS_RotationTrackML_#yyyyMMdd_HHmm"
                    olderThan="5 min"/>
        <tdm rewrite="test" rescan="0 0/5 * * * ? *"/>
      </featureCollection>
    </dataset>
    <!-- end of MRMS -->

    <dataset name="Do not use">

      <featureCollection name="TestFmrc" featureType="FMRC" harvest="true" path="fmrc/ecmwf/global_2p5" serviceName="fullServices">
        <collection name="ecmwf_global_2p5" spec="/data/ldm/pub/decoded/netcdf/grid/ECMWF/Global_2p5/.*.nc$" dateFormatMark="#ECMWF_Global_2p5_#yyyyMMdd_HHmm"/>
        <update startup="true" rescan="0 0/30 * * * ? *" trigger="allow"/>
      </featureCollection>

    </dataset>

  </dataset>
  <!-- end of test dataset -->
</catalog>

