<?xml version="1.0" encoding="UTF-8"?>
<catalog xmlns="http://www.unidata.ucar.edu/namespaces/thredds/InvCatalog/v1.0" xmlns:xlink="http://www.w3.org/1999/xlink"
         name="THREDDS Data Server - NCSS Point Data / Water ML examples" version="1.0.6">
  <service name="all" serviceType="Compound" base="">
    <service name="ncss" serviceType="NetcdfSubset" base="/thredds/ncss/"/>
    <service name="HTTPServer" serviceType="HTTPServer" base="/thredds/fileServer/" />
  </service>

  <datasetScan name="NCSS Point Data / Water ML examples" path="pointData/waterML/example" location="/data/thredds/tds-test/content/thredds/public/waterml/">
    <metadata inherited="true">
      <serviceName>all</serviceName>
      <authority>edu.ucar.unidata</authority>
      <documentation type="rights">Freely available</documentation>
      <publisher>
        <name vocabulary="DIF">UCAR/UNIDATA</name>
        <contact url="http://www.unidata.ucar.edu/" email="support@unidata.ucar.edu" />
      </publisher>
    </metadata>
  </datasetScan>
</catalog>

