<?xml version="1.0" encoding="UTF-8"?>
<catalog xmlns="http://www.unidata.ucar.edu/namespaces/thredds/InvCatalog/v1.0"
         xmlns:xlink="http://www.w3.org/1999/xlink"
         name="Unidata THREDDS Data Server"
         version="1.0.6">

  <dataset name="Realtime data from IDD">
    <catalogRef xlink:href="idd/forecastModels.xml" xlink:title="Forecast Model Data" name=""/>
    <catalogRef xlink:href="idd/forecastProdsAndAna.xml" xlink:title="Forecast Products and Analyses" name="" />
    <catalogRef xlink:href="idd/obsData.xml" xlink:title="Observation Data" name=""/>
    <catalogRef xlink:href="idd/radars.xml" xlink:title="Radar Data" name=""/>
    <catalogRef xlink:href="idd/satellite.xml" xlink:title="Satellite Data" name=""/>
  </dataset>

  <dataset name="Other Unidata Data">
    <catalogRef xlink:href="casestudies/catalog.xml" xlink:title="Unidata case studies" name=""/>
  </dataset>
  <dataset name="Test Datasets">
    <catalogRef xlink:href="testDatasets.xml" xlink:title="Test Datasets" name=""/>
    <catalogRef xlink:href="testPointDatasets.xml" xlink:title="Test Point Datasets" name=""/>
  </dataset>
  
  <dataset name="For GRIB Indexing Purposes">
    <catalogRef xlink:href="modelsHrrr.xml" xlink:title="Test Point Datasets" name=""/>
  </dataset>
</catalog>

