<?xml version="1.0" encoding="UTF-8"?>
<catalog xmlns:xsi="http://www.w3.org/2001/XMLSchema-instance"
         xmlns="http://www.unidata.ucar.edu/namespaces/thredds/InvCatalog/v1.0"
         xmlns:xlink="http://www.w3.org/1999/xlink"
         name="Unidata THREDDS Data Server - NCEP models"
         version="1.0.6">

  <service name="latest" serviceType="Resolver" base=""/>

  <service name="fullServices" serviceType="Compound" base="">
    <service name="ncdods" serviceType="OPENDAP" base="/thredds/dodsC/"/>
    <service name="HTTPServer" serviceType="HTTPServer" base="/thredds/fileServer/"/>
    <service name="wcs" serviceType="WCS" base="/thredds/wcs/"/>
    <service name="wms" serviceType="WMS" base="/thredds/wms/"/>
    <service name="ncss" serviceType="NetcdfSubset" base="/thredds/ncss/"/>
    <service name="cdmremote" serviceType="CdmRemote" base="/thredds/cdmremote/"/>
    <service name="gridcoverage" serviceType="CdmrFeature" base="/thredds/cdmrfeature/grid/"/>
    <service name="ncml" serviceType="NCML" base="/thredds/ncml/"/>
    <service name="uddc" serviceType="UDDC" base="/thredds/uddc/"/>
    <service name="iso" serviceType="ISO" base="/thredds/iso/"/>
  </service>

  <dataset name="New Model Data for Testing">

    <metadata inherited="true">
      <serviceName>fullServices</serviceName>
      <authority>edu.ucar.unidata</authority>
      <dataType>GRID</dataType>
      <dataFormat>GRIB-2</dataFormat>
      <documentation xlink:href="http://www.emc.ncep.noaa.gov/modelinfo/index.html"
                     xlink:title="NCEP Model documentation"/>
      <documentation type="rights">Freely available</documentation>
      <documentation type="processing_level">Transmitted through Unidata Internet Data Distribution.</documentation>
      <documentation type="processing_level">Read by CDM Grib Collection.</documentation>
      <documentation xlink:href="http://www.nco.ncep.noaa.gov/pmb/nwprod/analysis/"
                     xlink:title="NCEP/NWS Model Analyses and Forecasts page"/>
      <documentation xlink:href="http://www.unidata.ucar.edu/data/index.html#model"
                     xlink:title="Unidata IDD Model Data page"/>

      <creator>
        <name vocabulary="DIF">DOC/NOAA/NWS/NCEP</name>
        <contact url="http://www.ncep.noaa.gov/" email="http://www.ncep.noaa.gov/mail_liaison.shtml"/>
      </creator>
      <publisher>
        <name vocabulary="DIF">UCAR/UNIDATA</name>
        <contact url="http://www.unidata.ucar.edu/" email="support@unidata.ucar.edu"/>
      </publisher>
      <creator>
        <name vocabulary="ADN">National Oceanic and Atmospheric Administration (NOAA)/National Weather Service (NWS)
          National Center for Environmental Prediction (NCEP)
        </name>
        <contact url="http://www.ncep.noaa.gov/" email="http://www.ncep.noaa.gov/mail_liaison.shtml"/>
      </creator>
      <publisher>
        <name vocabulary="ADN">University Corporation for Atmospheric Research (UCAR)/Unidata</name>
        <contact url="http://www.unidata.ucar.edu/" email="support@unidata.ucar.edu"/>
      </publisher>
      <timeCoverage>
        <end>present</end>
        <duration>1 day</duration>
      </timeCoverage>
    </metadata>
    <!--dataset name="NCEP Model Data">
      <metadata inherited="true">
        <documentation type="summary">NCEP Global Forecast System Model, previously called AVN/MRF (Medium Range Forecast)</documentation>
        <documentation xlink:href="http://meted.ucar.edu/nwp/pcu2/avintro.htm"
                       xlink:title="COMET MetEd (Meteorology Education and Training) documentation"/>
        <documentation xlink:href="http://www.nco.ncep.noaa.gov/pmb/products/gfs/"
                       xlink:title="NCEP Model Notes"/>
      </metadata>

      <featureCollection name="GFS-Global_0p25deg" featureType="GRIB2" harvest="true" path="grib/NCEP/GFS/Global_0p25deg">
        <metadata inherited="true">
          <documentation type="summary">NCEP GFS Model : AWIPS 230 (G) Grid. Global Lat/Lon grid.
            Model runs at 0, 6, 12, and 18Z, with analysis and forecasts every 3 hours from 96 to 180 hours (4 to 7.5 days).
            Horizontal= 361 by 720 points, resolution 0.5 degree, Lat/Lon projection.
            Vertical= 1000 to 100 hPa mandatory pressure levels (10 levels); surface, height above ground, pressure layers.
          </documentation>
        </metadata>

        <collection spec="/data/ldm/pub/native/grid/NCEP/GFS/Global_0p25deg/.*grib2$"
                    timePartition="file"
                    dateFormatMark="#GFS_Global_0p25deg_#yyyyMMdd_HHmm"
                    olderThan="5 min"/>
        <tdm rewrite="test" rescan="0 8,23,38,53 * * * ? *"/>
      </featureCollection>

    </dataset -->
    <!-- end of NCEP -->
    <dataset name="NCEP National Blend of Models">
      <metadata inherited="true">
        <documentation type="summary">The National Blend of Models (NBM) is a
	    nationally consistent and skillful suite of calibrated forecast
	    guidance based on a blend of both NWS and non-NWS numerical
	    weather prediction model data and post-processed model guidance.
        </documentation>
	<documentation xlink:href="http://w2.weather.gov/mdl/blend" xlink:title="MDL NBM Website"/>
      </metadata>

      <featureCollection name="National Blend Forecast Grids"
                         featureType="GRIB2" harvest="true" path="grib/NCEP/NBM/CONUS">
        <metadata inherited="true">
          <documentation type="summary">
            CONUS, 2145 by 1377 points, resolution 2.5 km. Forecast grids from
            00Z and 12Z.
          </documentation>
        </metadata>

        <collection spec="/data/ldm/pub/native/grid/NCEP/NBM/.*grib2$"
                    dateFormatMark="#Blend_#yyyyMMdd_HHmm"
                    timePartition="file"
                    name="NCEP_MODEL_BLEND"
                    olderThan="5 min"/>
        <tdm rewrite="test" rescan="0 0/15 * * * ? *" />
      </featureCollection>
    </dataset>
    <!-- end of National model blend -->

    <dataset name="Do not use">

      <featureCollection name="TestFmrc" featureType="FMRC" harvest="true" path="fmrc/ecmwf/global_2p5" serviceName="fullServices">
        <collection name="ecmwf_global_2p5" spec="/data/ldm/pub/decoded/netcdf/grid/ECMWF/Global_2p5/.*.nc$" dateFormatMark="#ECMWF_Global_2p5_#yyyyMMdd_HHmm"/>
        <update startup="true" rescan="0 0/30 * * * ? *" trigger="allow"/>
      </featureCollection>

    </dataset>

  </dataset>
  <!-- end of test dataset -->
</catalog>

