<?xml version="1.0" encoding="UTF-8"?>
<catalog name="THREDDS Server Default Catalog : You must change this to fit your server!"
        xmlns="http://www.unidata.ucar.edu/namespaces/thredds/InvCatalog/v1.0"
        xmlns:xlink="http://www.w3.org/1999/xlink">

  <service name="all" base="" serviceType="compound">
    <service name="odap" serviceType="OpenDAP" base="/thredds/dodsC/" />
    <service name="dap4" serviceType="DAP4" base="/thredds/dap4/" />
    <service name="http" serviceType="HTTPServer" base="/thredds/fileServer/" />
    <!--service name="wcs" serviceType="WCS" base="/thredds/wcs/" /-->
    <!--service name="wms" serviceType="WMS" base="/thredds/wms/" /-->
    <!--service name="ncss" serviceType="NetcdfSubset" base="/thredds/ncss/grid/" /-->
  </service>

  <service name="dap" base="" serviceType="compound">
    <service name="odap" serviceType="OpenDAP" base="/thredds/dodsC/" />
    <service name="dap4" serviceType="DAP4" base="/thredds/dap4/" />
  </service>

  <datasetRoot path="test" location="content/testdata/" />
  <datasetRoot path="testdods" location="content/testdods/" />

  <datasetScan name="XXX Standard Test Data" ID="testDatasetScan" path="testdata" location="content/testdata/">
    <metadata inherited="true">
      <serviceName>all</serviceName>
      <dataType>Grid</dataType>
    </metadata>
  </datasetScan>

  <datasetScan name="OPeNDAP 1" ID="testDodsScan" path="testdods" location="content/testdata">
    <metadata inherited="true">
      <serviceName>all</serviceName>
      <dataType>Grid</dataType>
    </metadata>
  </datasetScan>

  <datasetScan name="OPeNDAP 2" ID="testDods" path="testdods" location="content/testdods/">
    <metadata inherited="true">
      <serviceName>all</serviceName>
      <dataType>Grid</dataType>
    </metadata>
  </datasetScan>

  <catalogRef xlink:title="Test Enhanced Catalog" xlink:href="enhancedCatalog.xml" name=""/>


</catalog>
