<?xml version="1.0" encoding="UTF-8"?>
<catalog xmlns="http://www.unidata.ucar.edu/namespaces/thredds/InvCatalog/v1.0"
         xmlns:xlink="http://www.w3.org/1999/xlink"
         name="Unidata THREDDS Data Server"
         version="1.0.6">

  <dataset name="Realtime data from IDD">
    <catalogRef xlink:href="idd/modelsNcep.xml" xlink:title="NCEP Model Data" name=""/>
    <catalogRef xlink:href="http://lead.unidata.ucar.edu/thredds/catalog.xml" xlink:title="NOAA GSD Model Data" name="" />
    <catalogRef xlink:href="idd/modelsFnmoc.xml" xlink:title="FNMOC Model Data" name=""/>
    <catalogRef xlink:href="modelsOther.xml" xlink:title="Other Model Data" name=""/>
    <catalogRef xlink:href="idd/radars.xml" xlink:title="Radar Data" name=""/>
    <catalogRef xlink:href="idd/obsData.xml" xlink:title="Station Data" name=""/>
    <catalogRef xlink:href="idd/newPointObs.xml" xlink:title="Point Feature Collections" name=""/>
    <catalogRef xlink:href="idd/satellite.xml" xlink:title="Satellite Data" name=""/>
  </dataset>

  <dataset name="Other Unidata Data">
    <catalogRef xlink:href="rtmodel.xml" xlink:title="Unidata Real-time Regional Model" name=""/>
    <catalogRef xlink:href="unidata.xml" xlink:title="NEXRAD National Composites From Unidata" name=""/>
    <catalogRef xlink:href="casestudies/catalog.xml" xlink:title="Unidata case studies" name=""/>
  </dataset>
</catalog>

