<?xml version="1.0" encoding="UTF-8"?>
<catalog xmlns="http://www.unidata.ucar.edu/namespaces/thredds/InvCatalog/v1.0" xmlns:xlink="http://www.w3.org/1999/xlink" name="Unidata THREDDS Data Server" version="1.0.6">
  <service name="all" serviceType="Compound" base="">
    <service name="odap" serviceType="OPENDAP" base="/thredds/dodsC/" />
    <service name="wcs" serviceType="WCS" base="/thredds/wcs/" />
    <service name="wms" serviceType="WMS" base="/thredds/wms/" />
    <service name="ncss" serviceType="NetcdfSubset" base="/thredds/ncss/" />
    <service name="cdmremote" serviceType="CdmRemote" base="/thredds/cdmremote/"/>
    <service name="http" serviceType="HTTPServer" base="/thredds/fileServer/"/>
    <service name="ncml" serviceType="NCML" base="/thredds/ncml/"/>
    <service name="uddc" serviceType="UDDC" base="/thredds/uddc/"/>
    <service name="iso" serviceType="ISO" base="/thredds/iso/"/>
  </service>

  <dataset name="Unidata Real-Time Regional Model" ID="Unidata-Regional-Model">

    <metadata inherited="true">
      <serviceName>all</serviceName>
      <authority>edu.ucar.unidata</authority>
      <dataType>Grid</dataType>
      <dataFormat>GRIB-1</dataFormat>
      <documentation xlink:href="http://www.unidata.ucar.edu/software/gempak/rtmodel/" xlink:title="Unidata documentation" />
      <documentation type="rights">Freely available</documentation>
      <creator>
        <name vocabulary="DIF">UCAR/UNIDATA</name>
        <contact url="http://www.unidata.ucar.edu/" email="support@unidata.ucar.edu" />
      </creator>
      <publisher>
        <name vocabulary="DIF">UCAR/UNIDATA</name>
        <contact url="http://www.unidata.ucar.edu/" email="support@unidata.ucar.edu" />
      </publisher>
    </metadata>

    <featureCollection name="NMM_Primary_Domain" featureType="GRIB1" harvest="true" path="grib/Unidata/NMM/Primary">
      <collection spec="/data/ldm/pub/rtmodel/#yyMMddHH#_nmm.GrbF.*00"
                  timePartition="file"
                  olderThan="5 min"/>
      <tdm rewrite="test" rescan="0 0/15 * * * ? *" trigger="allow"/>
    </featureCollection>

    <featureCollection name="NMM_Secondary_Domain" featureType="GRIB1" harvest="true" path="grib/Unidata/NMM/Secondary">
      <collection spec="/data/ldm/pub/rtmodel/#yyMMddHH#_nmm_alt1\.GrbF.*00"
                  timePartition="file"
                  olderThan="5 min"/>
      <tdm rewrite="test" rescan="0 0/15 * * * ? *" trigger="allow"/>
    </featureCollection>

  </dataset>
</catalog>

