<?xml version="1.0" encoding="UTF-8"?>
<threddsConfig>
  
  <serverInformation>
    <name>THREDDS Data Server</name>
    <logoUrl>/thredds/unidataLogo.jpg</logoUrl>
    <logoAltText>TDS</logoAltText>

    <abstract>Scientific Data</abstract>
    <keywords>meteorology, atmosphere, climate, ocean, earth science</keywords>
    
    <contact>
      <name>THREDDS Support</name>
      <organization>Unidata</organization>
      <email>support-thredds@unidata.ucar.edu</email>
      <!--phone></phone-->
    </contact>
    <hostInstitution>
      <name>Unidata</name>
      <webSite>http://www.unidata.ucar.edu/</webSite>
      <logoUrl>unidataIcon.gif</logoUrl>
      <logoAltText>Unidata</logoAltText>
    </hostInstitution>
  </serverInformation>

  <CORS>
    <enabled>true</enabled>
  </CORS>

  <contentRoots>
    <contentRoot>motherlode</contentRoot>
    <contentRoot>idd</contentRoot>
  </contentRoots>

  <DataRoots>
    <idd>/data/ldm/pub</idd>
  </DataRoots>

  <catalogRoot>topcatalog.xml</catalogRoot>

  <catalogRoot>casestudies/catalog.xml</catalogRoot>
  <catalogRoot>casestudies/vgeeCatalog.xml</catalogRoot>
  <catalogRoot>casestudies/ccs034Catalog.xml</catalogRoot>
  <catalogRoot>casestudies/ccs039Catalog.xml</catalogRoot>
  <catalogRoot>casestudies/july18_2002cat.xml</catalogRoot>

  <catalogRoot>radar/radarCollections.xml</catalogRoot>

  <!--
   * Setup for generated HTML pages.
   *
   * NOTE: URLs may be absolute or relative, relative URLs must be relative
   * to the webapp URL, i.e., http://server:port/thredds/.
   * -->
  <htmlSetup>
    <!--
     * CSS documents used in generated HTML pages.
     * The CSS document given in the "catalogCssUrl" element is used for all pages
     * that are HTML catalog views. The CSS document given in the "standardCssUrl"
     * element is used in all other generated HTML pages.
     * -->
    <standardCssUrl>tds.css</standardCssUrl>
    <catalogCssUrl>tdsCat.css</catalogCssUrl>
    <openDapCssUrl>tdsDap.css</openDapCssUrl>
  </htmlSetup>

  <CatalogServices>
    <allowRemote>true</allowRemote>
  </CatalogServices>

  <NetcdfFileCache>
    <minFiles>42</minFiles>
    <maxFiles>100</maxFiles>
    <scour>13 min</scour>
  </NetcdfFileCache>

  <GribCollection>
    <minFiles>42</minFiles>
    <maxFiles>100</maxFiles>
    <scour>17 min</scour>
  </GribCollection>

  <TimePartition>
    <minFiles>42</minFiles>
    <maxFiles>100</maxFiles>
    <scour>19 min</scour>
  </TimePartition>

  <HTTPFileCache>
    <minFiles>0</minFiles>
    <maxFiles>10</maxFiles>
    <scour>31 min</scour>
  </HTTPFileCache>

  <NetcdfSubsetService>
    <allow>true</allow>
    <scour>15 min</scour>
    <maxAge>30 min</maxAge>
    <!--maxFileDownloadSize>52428800</maxFileDownloadSize-->
  </NetcdfSubsetService>

   <FeatureCollection>
     <RollingFileAppender>
       <MaxFileSize>10 MB</MaxFileSize>
       <MaxBackups>50</MaxBackups>
     </RollingFileAppender>
  </FeatureCollection>

  <WCS>
    <allow>true</allow>
    <allowRemote>false</allowRemote>
    <scour>15 min</scour>
    <maxAge>30 min</maxAge>
  </WCS>

  <WMS>
    <allow>true</allow>
    <allowRemote>false</allowRemote>
    <allowFeatureInfo>true</allowFeatureInfo>
    <maxImageWidth>5000</maxImageWidth>
    <maxImageHeight>5000</maxImageHeight>
  </WMS>

  <NCISO>
    <ncmlAllow>true</ncmlAllow>
    <uddcAllow>true</uddcAllow>
    <isoAllow>true</isoAllow>
  </NCISO>

  <CatalogGen>
    <allow>false</allow>
  </CatalogGen>

  <!-- Enable DLwriter service but disable on remote catalogs. -->
  <DLwriter>
    <allow>true</allow>
    <allowRemote>false</allowRemote>
  </DLwriter>

  <!-- Enable DqcService.
   -->
  <DqcService>
    <allow>true</allow>
  </DqcService>

  <!-- added 11/13/2012 jcaron -->
  <!-- updated path 2013-08-20 sarms -->
  <!-- updated for lead 2014-03-20 jcaron -->
  <Netcdf4Clibrary>
    <libraryPath>/opt/netcdf/lib</libraryPath>
    <libraryName>netcdf</libraryName>
  </Netcdf4Clibrary>

  <!-- nj22Config
    <ioServiceProvider class="edu.univ.ny.stuff.FooFiles"/>
    <coordSysBuilder convention="foo" class="test.Foo"/>
    <coordTransBuilder name="atmos_ln_sigma_coordinates" type="vertical" class="my.stuff.atmosSigmaLog"/>
    <typedDatasetFactory datatype="Point" class="gov.noaa.obscure.file.Flabulate"/>
  </nj22Config -->

  <DiskCache>
    <alwaysUse>false</alwaysUse>
    <scour>1 hour</scour>
    <maxSize>1 Gb</maxSize>
  </DiskCache>

  <AggregationCache>
    <scour>24 hours</scour>
    <maxAge>30 days</maxAge>
  </AggregationCache>

   <GribIndex>
     <neverUse>true</neverUse>
   </GribIndex>



</threddsConfig>
