<?xml version="1.0" encoding="UTF-8"?>
<catalog name="ds094.2  NCEP Climate Forecast System Version 2 (CFSv2) Monthly Products"
         xmlns="http://www.unidata.ucar.edu/namespaces/thredds/InvCatalog/v1.0"
         xmlns:xlink="http://www.w3.org/1999/xlink">

  <dataset name="ds094.2 NCEP Climate Forecast System Version 2 (CFSv2) Monthly Products">
    <metadata inherited="true">
      <serviceName>all</serviceName>
      <dataFormat>GRIB-2</dataFormat>
      <dataType>GRID</dataType>
      <documentation type="Rights">Freely Available</documentation>
      <documentation xlink:href="http://rda.ucar.edu/datasets/ds094.2/"
                     xlink:title="NCEP Climate Forecast System Version 2 (CFSv2) Monthly Products (ds094.2)"/>
      <documentation type="summary">
          The National Centers for Environmental Prediction (NCEP) Climate Forecast System (CFS) is initialized four times per day (0000, 0600, 1200, and 1800 UTC).
          NCEP upgraded their operational CFS to version 2 on March 30, 2011.
          This is the same model that was used to create the NCEP Climate Forecast System Reanalysis (CFSR).
          CFSv2 monthly atmospheric, oceanic and land surface output products are available at 0.3, 0.5, 1.0, 1.9, and 2.5 degree horizontal resolutions
          as 6-hourly diurnal monthly means (0000, 0600, 1200, and 1800 UTC) and regular full monthly means.
          As a value-add for longer-term climate research, the CISL RDA has created time series of individual parameter-levels from the regular monthly means.
          These products, beginning in January 2011, are an extension of CFSR. For more information about CFS, please see http://cfs.ncep.noaa.gov/.
      </documentation>
      <documentation xlink:href="http://cfs.ncep.noaa.gov/cfsr/" xlink:title="CFSR Home"/>
      <documentation xlink:href="https://climatedataguide.ucar.edu/climate-data/climate-forecast-system-reanalysis-cfsr"
                     xlink:title="Description of CFSR at the NCAR Climate Data Guide"/>
      <documentation xlink:href="http://rda.ucar.edu/#!pub/cfsr.html" xlink:title="More information about CFSR"/>
      <creator>
        <name vocabulary="DIF">DOC/NOAA/NWS/NCEP/EMC</name>
        <contact url="http://cfs.ncep.noaa.gov/cfsr/" email="cfs@noaa.gov"/>
      </creator>
      <authority>edu.ucar.rda</authority>
      <publisher>
        <name vocabulary="DIF">NCAR/RDA</name>
        <contact url="http://rda.ucar.edu/" email="rdahelp@ucar.edu"/>
      </publisher>
      <keyword>Numerical Weather Prediction</keyword>
      <keyword>NCEP</keyword>
      <keyword>CFS</keyword>
      <keyword>CFSR</keyword>
      <keyword>Reanalysis</keyword>
    </metadata>


    <!--  Files -->


    <datasetScan name="ds094.2 Files"
                 path="files/g/ds094.2"
                 location="/glade/p/rda/data/ds094.2">
      <filter>
        <exclude wildcard="*.html"/>
      </filter>
    </datasetScan>

    <!-- Aggregations -->
    <featureCollection name="ds094.2 diurnal_timeseries Aggregation"
                       featureType="GRIB2"
                       harvest="true"
                       path="aggregations/g/ds094.2_dt">

      <collection name="ds094.2_dt" spec="/glade/p/rda/data/ds094.2/diurnal/.*.tar$" />
      <tdm rewrite="test"/>

      <gribConfig>
          <gdsHash from='341801380' to='342723940'/>
        <pdsHash>
          <useGenType>true</useGenType>
        </pdsHash>
      </gribConfig>

    </featureCollection>

    <featureCollection name="ds094.2 timeseries Aggregation"
                       featureType="GRIB2"
                       harvest="true"
                       path="aggregations/g/ds094.2_t">

      <collection name="ds094.2_t" spec="/glade/p/rda/data/ds094.2/regular/.*.tar$" />
      <tdm rewrite="test"/>

      <gribConfig>
        <pdsHash>
          <useGenType>true</useGenType>
        </pdsHash>
      </gribConfig>

    </featureCollection>

  </dataset>

</catalog>
