<?xml version="1.0" encoding="UTF-8"?>
<catalog name="ds298.0 Catalog"
        xmlns="http://www.unidata.ucar.edu/namespaces/thredds/InvCatalog/v1.0"
        xmlns:xlink="http://www.w3.org/1999/xlink">

  <service name="all" serviceType="Compound" base="">
    
    <service name="HTTPServer" serviceType="HTTPServer" base="/thredds/fileServer/"/>
    <service name="opendap" serviceType="OPENDAP" base="/thredds/dodsC/"/>
    <service name="ncss" serviceType="NetcdfSubset" base="/thredds/ncss/"/>
    <service name="cdmremote" serviceType="CdmRemote" base="/thredds/cdmremote/"/>
    
    <service name="wcs" serviceType="WCS" base="/thredds/wcs/"/>
    <service name="wms" serviceType="WMS" base="/thredds/wms/"/>
    
    <service name="iso" serviceType="ISO" base="/thredds/iso/"/>
    <service name="ncml" serviceType="NCML" base="/thredds/ncml/"/>
    <service name="uddc" serviceType="UDDC" base="/thredds/uddc/"/>
  </service>

 <dataset name="ds298.0 NCAR RDA - Standardized Precipitation Index (SPI) for Global Land Surface (1949-2012)">
         <metadata inherited="true">
          <dataFormat>NetCDF</dataFormat>
          <dataType>GRID</dataType>
          <documentation type="Rights">Freely Available</documentation>
          <documentation xlink:href="http://rda.ucar.edu/datasets/ds298.0/" 
                         xlink:title="NCAR RDA - Standardized Precipitation Index (SPI) for Global Land Surface (1949-2012) (ds298.0)"/>
          <documentation type="summary">
This dataset includes the Standardized Precipitation Index (SPI) at three-, six-, and 12-month scales for global land surfaces. It was produced for a study to determine the relationship between climate variability and armed conflict in Sub-Saharan Africa (O'Loughlin et al. 2012). The precipitation data (1949-2012) are resampled from the original University of East Anglia Climate Research Unit (CRU) global time series, TS3.21, monthly 0.5 degree by 0.5 degree grids to the study unit of analysis, 1.0 degree by 1.0 degree grids, thereby facilitating regression with environmental and socioeconomic variables.
The Standardized Precipitation Index (SPI) is commonly used to monitor drought and anomalous wet periods. It was formulated by Tom McKee, Nolan Doesken, and John Kleist of the Colorado Climate Center, Colorado State University (McKee et al. 1993). The SPI at a given location is based only on the long-term precipitation record for a desired period. The long-term precipitation time series is fitted to a gamma probability distribution, which is then transformed into a normal distribution so that the mean SPI is zero. Theoretically, the SPI is the number of standard deviations by which the observed value would lie above or below the long-term mean, for a normally distributed random variable. Thus, the index can be used to compare precipitation across a region with different climates. The SPI can be calculated for multiple time scales, which allows assessment of impacts on different water resources. For example, soil moisture responds to precipitation departures on a short time scale, while stream flow responds to anomalies on a longer time scale. Precipitation amounts that indicate wet conditions at one time scale could indicate dry conditions at another time scale.This dataset includes the Standardized Precipitation Index (SPI) at three-, six-, and 12-month scales for global land surfaces. It was produced for a study to determine the relationship between climate variability and armed conflict in Sub-Saharan Africa (O'Loughlin et al. 2012). The precipitation data (1949-2012) are resampled from the original University of East Anglia Climate Research Unit (CRU) global time series, TS3.21, monthly 0.5 degree by 0.5 degree grids to the study unit of analysis, 1.0 degree by 1.0 degree grids, thereby facilitating regression with environmental and socioeconomic variables.
The Standardized Precipitation Index (SPI) is commonly used to monitor drought and anomalous wet periods. It was formulated by Tom McKee, Nolan Doesken, and John Kleist of the Colorado Climate Center, Colorado State University (McKee et al. 1993). The SPI at a given location is based only on the long-term precipitation record for a desired period. The long-term precipitation time series is fitted to a gamma probability distribution, which is then transformed into a normal distribution so that the mean SPI is zero. Theoretically, the SPI is the number of standard deviations by which the observed value would lie above or below the long-term mean, for a normally distributed random variable. Thus, the index can be used to compare precipitation across a region with different climates. The SPI can be calculated for multiple time scales, which allows assessment of impacts on different water resources. For example, soil moisture responds to precipitation departures on a short time scale, while stream flow responds to anomalies on a longer time scale. Precipitation amounts that indicate wet conditions at one time scale could indicate dry conditions at another time scale.
          </documentation>
          <documentation xlink:href="http://www.wmo.int/pages/prog/wcp/agm/meetings/wies09/documents/Lincoln_Declaration_Drought_Indices.pdf" xlink:title="Lincoln Declaration on Drought Indices" />
          <documentation xlink:href="http://ccc.atmos.colostate.edu/standardizedprecipitation.php" xlink:title="Colorado Climate Center, SPI maps and software" />
          <documentation xlink:href="http://badc.nerc.ac.uk/data/cru/" xlink:title="Monthly Precipitation Data from the CRU TS 3.21" />

          <creator>
            <name vocabulary="DIF">UCAR/NCAR</name>
          </creator>
          <authority>edu.ucar.rda</authority>   
          <publisher>   
            <name vocabulary="DIF">NCAR/RDA</name>   
            <contact url="http://rda.ucar.edu/" email="dssweb@ucar.edu" />   
          </publisher>   
          <keyword>Climate Indicators</keyword>
          <keyword>Drought/Precipitation Indices</keyword>
          <keyword>Standardized Precipitation Index</keyword>
         </metadata>

     <!--  Files -->

     <datasetScan name="ds298.0 Files" 
                  path="files/g/ds298.0" 
                  location="/glade/p/rda/data/ds298.0">
         <metadata inherited="true">
             <serviceName>all</serviceName>
         </metadata>
         <filter>
             <exclude wildcard="*.html"/>
         </filter>
         <addDatasetSize/>
     </datasetScan>

    </dataset>

</catalog>
