<?xml version="1.0" encoding="UTF-8"?>
<catalog name="CISL Research Data Archive Dataset ds083.3"
        xmlns="http://www.unidata.ucar.edu/namespaces/thredds/InvCatalog/v1.0"
        xmlns:xlink="http://www.w3.org/1999/xlink">

    <dataset name="ds083.3 NCEP GDAS/FNL 0.25 Degree Global Tropospheric Analyses and Forecast Grids">
        <metadata inherited="true">
          <serviceName>all</serviceName>
          <dataFormat>GRIB-2</dataFormat>
          <dataType>GRID</dataType>
          <documentation type="Rights">Freely Available</documentation>
          <documentation xlink:href="http://rda.ucar.edu/datasets/ds083.3/"
                         xlink:title="NCEP GDAS/FNL 0.25 Degree Global Tropospheric Analyses and Forecast Gridss (ds083.3)"/>
          <documentation type="summary">
These NCEP FNL (Final) operational global analysis and forecast data are on 0.25-degree by 0.25-degree grids prepared operationally every six hours. This product is from the Global Data Assimilation System (GDAS), which continuously collects observational data from the Global Telecommunications System (GTS), and other sources, for many analyses. The FNLs are made with the same model which NCEP uses in the Global Forecast System (GFS), but the FNLs are prepared about an hour or so after the GFS is initialized. The FNLs are delayed so that more observational data can be used. The GFS is run earlier in support of time critical forecast needs, and uses the FNL from the previous 6 hour cycle as part of its initialization.
          </documentation>
          <documentation type="summary">
The analyses are available on the surface, at 26 mandatory (and other pressure) levels from 1000 millibars to 10 millibars, in the surface boundary layer and at some sigma layers, the tropopause and a few others. Parameters include surface pressure, sea level pressure, geopotential height, temperature, sea surface temperature, soil values, ice cover, relative humidity, u- and v- winds, vertical motion, vorticity and ozone.
          </documentation>
          <documentation type="summary">
The archive time series is continuously extended to a near-current date. It is not maintained in real-time.
          </documentation>
          <documentation xlink:href="http://www.emc.ncep.noaa.gov/modelinfo/index.html" xlink:title="NCEP Model documentation" />
          <creator>
            <name vocabulary="DIF">DOC/NOAA/NWS/NCEP</name>
            <contact url="http://www.ncep.noaa.gov/" email="http://www.ncep.noaa.gov/mail_liaison.shtml" />
          </creator>
          <authority>edu.ucar.rda</authority>
          <publisher>
            <name vocabulary="DIF">NCAR/RDA</name>
            <contact url="http://rda.ucar.edu/" email="rdahelp@ucar.edu" />
          </publisher>
          <keyword>Numerical Weather Prediction</keyword>
          <keyword>NCEP</keyword>
          <keyword>Model data</keyword>
          <keyword>GFS</keyword>
        </metadata>

      <!--  Files  -->


      <datasetScan name="ds083.3 Files"
                  path="files/g/ds083.3"
                  location="/glade/p/rda/data/ds083.3">
         <metadata inherited="true">
          <serviceName>all</serviceName>
        </metadata>
        <filter>
            <exclude wildcard="*.html"/>
        </filter>
        <addDatasetSize/>
     </datasetScan>

     <!--  Aggregations  -->

     <featureCollection name="ds083.3 Aggregation"
                     featureType="GRIB2"
                     harvest="true"
                     path="aggregations/g/ds083.3/1">

         <collection name = "ds083.3" spec="/glade/p/rda/data/ds083.3/**/.*grib2$"
         dateFormatMark="yyyyMM#/gdas1.fnl0p25#" />
         <tdm rewrite="test" rescan="0 2 1 * * ? *" />
     </featureCollection>

  </dataset>

</catalog>
