<?xml version="1.0" encoding="UTF-8"?>
<catalog name="CISL Research Data Archive Dataset ds084.1"
        xmlns="http://www.unidata.ucar.edu/namespaces/thredds/InvCatalog/v1.0"
        xmlns:xlink="http://www.w3.org/1999/xlink">


    <dataset name="ds084.1 NCEP GFS 0.25 Degree Global Forecast Grids">
        <metadata inherited="true">
          <serviceName>all</serviceName>
          <dataFormat>GRIB-2</dataFormat>
          <dataType>GRID</dataType>
          <documentation type="Rights">Freely Available</documentation>
          <documentation xlink:href="http://rda.ucar.edu/datasets/ds084.1/"
                         xlink:title="NCAR RDA - NCEP GFS 0.25 Degree Global Forecast Grids (ds084.1)"/>
          <documentation type="summary">
            The NCEP operational Global Forecast System analysis and forecast grids are on a 0.25 by 0.25 global latitude longitude grid.
            Grids include analysis and forecast timesteps at a 3 hourly interval from 0 to 240, and a 12 hourly interval from 240 to 384.
            Model forecast runs occur at 00, 06, 12, and 18 UTC daily.
          </documentation>
          <documentation xlink:href="http://www.emc.ncep.noaa.gov/modelinfo/index.html" xlink:title="NCEP Model documentation" />
          <creator>
            <name vocabulary="DIF">DOC/NOAA/NWS/NCEP</name>
            <contact url="http://www.ncep.noaa.gov/" email="http://www.ncep.noaa.gov/mail_liaison.shtml" />
          </creator>
          <authority>edu.ucar.rda</authority>
          <publisher>
            <name vocabulary="DIF">NCAR/RDA</name>
            <contact url="http://rda.ucar.edu/" email="rdahelp@ucar.edu" />
          </publisher>
          <keyword>Numerical Weather Prediction</keyword>
          <keyword>NCEP</keyword>
          <keyword>Model data</keyword>
          <keyword>GFS</keyword>
        </metadata>

      <!--  Files  -->


      <datasetScan name="ds084.1 Files"
                  path="files/g/ds084.1"
                  location="/glade/p/rda/data/ds084.1">
         <metadata inherited="true">
          <serviceName>all</serviceName>
        </metadata>
        <filter>
            <exclude wildcard="*.html"/>
        </filter>
        <addDatasetSize/>
     </datasetScan>

     <!--  Aggregations  -->

     <featureCollection name="ds084.1 Aggregation"
                     featureType="GRIB2"
                     harvest="true"
                     path="aggregations/g/ds084.1/1">
         <metadata inherited="true">
          <serviceName>all</serviceName>
        </metadata>

         <collection name = "ds084.1" spec="/glade/p/rda/data/ds084.1/**/.*grib2$" />
         <tdm rewrite="test" rescan="0 10 1 * * ? *" />
     </featureCollection>

  </dataset>

</catalog>
