<?xml version="1.0" encoding="UTF-8"?>
<catalog name="ds628.0 Japanese 55-year Reanalysis, Daily 3-Hourly and 6-Hourly Data"
        xmlns="http://www.unidata.ucar.edu/namespaces/thredds/InvCatalog/v1.0"
        xmlns:xlink="http://www.w3.org/1999/xlink">

    <dataset name="ds628.0 Japanese 55-year Reanalysis, Daily 3-Hourly and 6-Hourly Data">
        <metadata inherited="true">
          <serviceName>all</serviceName>
          <dataFormat>GRIB-1</dataFormat>
          <dataType>GRID</dataType>   
          <documentation type="Rights">Some Restrictions Apply</documentation>   
          <documentation xlink:href="http://rda.ucar.edu/datasets/ds628.0/" 
                         xlink:title="JRA-55: Japanese 55-year Reanalysis, Daily 3-Hourly and 6-Hourly Data"/>   
          <documentation type="summary">  
The Japan Meteorological Agency (JMA) conducted JRA-55, the second Japanese global atmospheric reanalysis project.
              It covers 55 years, extending back to 1958, coinciding with the establishment of the global radiosonde observing system.
              Compared to its predecessor, JRA-25, JRA-55 is based on a new data assimilation and prediction system (DA) that improves many deficiencies found in the first Japanese reanalysis.
              These improvements have come about by implementing higher spatial resolution (TL319L60), a new radiation scheme, four-dimensional variational
              data assimilation (4D-Var) with Variational Bias Correction (VarBC) for satellite radiances, and introduction of greenhouse gases with time varying
              concentrations. The entire JRA-55 production was completed in 2013, and thereafter will be continued on a real time basis.
          </documentation>
          <documentation type="summary">
Specific early results of quality assessment of JRA-55 indicate that a large temperature bias in the lower stratosphere has been significantly reduced compared to JRA-25 through a combination of the new radiation scheme and application of VarBC (which also reduces unrealistic temperature variations). In addition, a dry land surface anomaly in the Amazon basin has been mitigated, and overall forecast scores are much improved over JRA-25.
          </documentation>
          <documentation type="summary">
Most of the observational data employed in JRA-55 are those used in JRA-25.
              Additionally, newly reprocessed METEOSAT and GMS data were supplied by EUMETSAT and MSC/JMA respectively.
              Snow depth data over the United States, Russia and Mongolia were supplied by UCAR, RIHMI and IMH respectively.
          </documentation> 
          <documentation type="summary">
The Data Support Section (DSS) at NCAR has processed the 1.25 degree version of JRA-55 with the RDA (Research Data Archive) archiving and metadata system.
              The model resolution data has also been acquired, archived and processed as well, including transformation of the TL319L60 grid to a
              regular latitude-longitude Gaussian grid (320 latitudes by 640 longitudes, nominally 0.5625 degree).
              All RDA JRA-55 data is available for internet download, including complete subsetting and data format conversion services.
          </documentation>
          <documentation xlink:href="http://jra.kishou.go.jp/JRA-55/index_en.html" xlink:title="JRA-55: Japanese 55-year Reanalysis" />
          <documentation xlink:href="https://climatedataguide.ucar.edu/climate-data/jra-55" xlink:title="Description of JRA-55 at the NCAR Climate Data Guide" />
          <creator>   
            <name vocabulary="DIF">JP/JMA</name>   
            <contact url="http://www.jma.go.jp/jma/index.html" email="jra@met.kishou.go.jp" />   
          </creator>   
          <authority>edu.ucar.rda</authority>   
          <publisher>   
            <name vocabulary="DIF">NCAR/RDA</name>   
            <contact url="http://rda.ucar.edu/" email="dssweb@ucar.edu" />   
          </publisher>   
          <keyword>Numerical Weather Prediction</keyword>   
          <keyword>Model data</keyword>   
          <keyword>Reanalysis</keyword>   
        </metadata>


     <!--  Files -->
     <datasetScan name="ds628.0 Files" 
                  path="files/JRA55/ds628.0" 
                  location="/glade/p/rda/data/ds628.0">
         <metadata inherited="true">
             <serviceName>all</serviceName>
         </metadata>
         <filter>
             <exclude wildcard="*.html"/>
             <exclude wildcard="*.htaccess"/>
         </filter>
         <addDatasetSize/>
     </datasetScan>


     <!-- Aggregations -->

     <dataset name="ds628.0 Aggregations">

         <dataset name="Analysis Fields">
              
             <featureCollection name="ds628.0_anl_column"
                                featureType="GRIB1"
                                harvest="true"
                                path="aggregations/JRA55/ds628.0/1">

               <metadata inherited="true">
                    <serviceName>all</serviceName>
               </metadata>

               <collection name="ds628.0_anl_column"
                           spec="/glade/p/rda/data/ds628.0/anl_column/**/anl_column\..*" />
               <tdm rewrite="test"/>
             </featureCollection>

             <featureCollection name="ds628.0_anl_column125"
                                featureType="GRIB1"
                                harvest="true"
                                path="aggregations/JRA55/ds628.0/2">

               <metadata inherited="true">
                    <serviceName>all</serviceName>
               </metadata>

               <collection name="ds628.0_anl_column125"
                           spec="/glade/p/rda/data/ds628.0/anl_column125/**/anl_column125\..*" />
               <tdm rewrite="test"/>

             </featureCollection>

             <!--
             <featureCollection name="ds628.0_anl_isentrop"
                                featureType="GRIB1"
                                harvest="true"
                                path="aggregations/JRA55/ds628.0/3">

               <metadata inherited="true">
                    <serviceName>all</serviceName>
               </metadata>

               <collection name="ds628.0_anl_isentrop"
                           spec="/glade/p/rda/data/ds628.0/anl_isentrop/**/anl_isentrop\..*"
                           olderThan="0 min"/>

                  <gribConfig datasetTypes="Best">
                    <bestNamer name="Timeseries Aggregation"/>
                    <pdsHash>
                      <useTableVersion>false</useTableVersion>
                    </pdsHash>
                  </gribConfig>
                  <update startup="false" trigger="allow"/>
             </featureCollection>
             -->

             <!--
             <featureCollection name="ds628.0_anl_isentrop125"
                                featureType="GRIB1"
                                harvest="true"
                                path="aggregations/JRA55/ds628.0/4">

               <metadata inherited="true">
                    <serviceName>all</serviceName>
               </metadata>

               <collection name="ds628.0_anl_isentrop125"
                           spec="/glade/p/rda/data/ds628.0/anl_isentrop125/**/anl_isentrop125\..*"
                           olderThan="0 min"/>

                  <gribConfig datasetTypes="Best">
                    <bestNamer name="Timeseries Aggregation"/>
                    <pdsHash>
                      <useTableVersion>false</useTableVersion>
                    </pdsHash>
                  </gribConfig>
                  <update startup="false" trigger="allow"/>
             </featureCollection>
             -->

             <featureCollection name="ds628.0_anl_land"
                                featureType="GRIB1"
                                harvest="true"
                                path="aggregations/JRA55/ds628.0/5">

               <metadata inherited="true">
                    <serviceName>all</serviceName>
               </metadata>

               <collection name="ds628.0_anl_land"
                           spec="/glade/p/rda/data/ds628.0/anl_land/**/anl_land\..*" />
               <tdm rewrite="test"/>

             </featureCollection>

             <featureCollection name="ds628.0_anl_land125"
                                featureType="GRIB1"
                                harvest="true"
                                path="aggregations/JRA55/ds628.0/6">

               <metadata inherited="true">
                    <serviceName>all</serviceName>
               </metadata>

               <collection name="ds628.0_anl_land125"
                           spec="/glade/p/rda/data/ds628.0/anl_land125/**/anl_land125\..*" />
               <tdm rewrite="test"/>

             </featureCollection>


             <!--
             <featureCollection name="ds628.0_anl_mdl"
                                featureType="GRIB1"
                                harvest="true"
                                path="aggregations/JRA55/ds628.0/7">

               <metadata inherited="true">
                    <serviceName>all</serviceName>
               </metadata>

               <collection name="ds628.0_anl_mdl"
                           spec="/glade/p/rda/data/ds628.0/anl_mdl/**/anl_mdl\..*"
                           olderThan="0 min"/>

                  <gribConfig datasetTypes="Best">
                    <bestNamer name="Timeseries Aggregation"/>
                    <pdsHash>
                      <useTableVersion>false</useTableVersion>
                    </pdsHash>
                  </gribConfig>
                  <update startup="false" trigger="allow"/>
             </featureCollection>
             -->

             <!--
             <featureCollection name="ds628.0_anl_p125"
                                featureType="GRIB1"
                                harvest="true"
                                path="aggregations/JRA55/ds628.0/8">

               <metadata inherited="true">
                    <serviceName>all</serviceName>
               </metadata>

               <collection name="ds628.0_anl_p125"
                           spec="/glade/p/rda/data/ds628.0/anl_p125/**/anl_p125\..*"
                           olderThan="0 min"/>

                  <gribConfig datasetTypes="Best">
                    <bestNamer name="Timeseries Aggregation"/>
                    <pdsHash>
                      <useTableVersion>false</useTableVersion>
                    </pdsHash>
                  </gribConfig>
                  <update startup="false" trigger="allow"/>
             </featureCollection>
             -->

             <!--
             <featureCollection name="ds628.0_anl_p25"
                                featureType="GRIB1"
                                harvest="true"
                                path="aggregations/JRA55/ds628.0/9">

               <metadata inherited="true">
                    <serviceName>all</serviceName>
               </metadata>

               <collection name="ds628.0_anl_p25"
                           spec="/glade/p/rda/data/ds628.0/anl_p25/**/anl_p25\..*"
                           olderThan="0 min"/>

                  <gribConfig datasetTypes="Best">
                    <bestNamer name="Timeseries Aggregation"/>
                    <pdsHash>
                      <useTableVersion>false</useTableVersion>
                    </pdsHash>
                  </gribConfig>
                  <update startup="false" trigger="allow"/>
             </featureCollection>
             -->

             <featureCollection name="ds628.0_anl_snow"
                                featureType="GRIB1"
                                harvest="true"
                                path="aggregations/JRA55/ds628.0/10">

               <metadata inherited="true">
                    <serviceName>all</serviceName>
               </metadata>

               <collection name="ds628.0_anl_snow"
                           spec="/glade/p/rda/data/ds628.0/anl_snow/**/anl_snow\..*" />
               <tdm rewrite="test"/>

             </featureCollection>

             <featureCollection name="ds628.0_anl_snow125"
                                featureType="GRIB1"
                                harvest="true"
                                path="aggregations/JRA55/ds628.0/11">

               <metadata inherited="true">
                    <serviceName>all</serviceName>
               </metadata>

               <collection name="ds628.0_anl_snow125"
                           spec="/glade/p/rda/data/ds628.0/anl_snow125/**/anl_snow125\..*" />
               <tdm rewrite="test"/>
             </featureCollection>

             <!--
             <featureCollection name="ds628.0_anl_surf"
                                featureType="GRIB1"
                                harvest="true"
                                path="aggregations/JRA55/ds628.0/12">

               <metadata inherited="true">
                    <serviceName>all</serviceName>
               </metadata>

               <collection name="ds628.0_anl_surf"
                           spec="/glade/p/rda/data/ds628.0/anl_surf/**/anl_surf\..*"
                           olderThan="0 min"/>

                  <gribConfig datasetTypes="Best">
                    <bestNamer name="Timeseries Aggregation"/>
                    <pdsHash>
                      <useTableVersion>false</useTableVersion>
                    </pdsHash>
                  </gribConfig>
                  <update startup="false" trigger="allow"/>
             </featureCollection>
             -->

             <featureCollection name="ds628.0_anl_surf125"
                                featureType="GRIB1"
                                harvest="true"
                                path="aggregations/JRA55/ds628.0/13">

               <metadata inherited="true">
                    <serviceName>all</serviceName>
               </metadata>

               <collection name="ds628.0_anl_surf125"
                           spec="/glade/p/rda/data/ds628.0/anl_surf125/**/anl_surf125\..*" />
               <tdm rewrite="test"/>
             </featureCollection>

         </dataset>

         <dataset name="Forecast Fields">

             <!--
             <featureCollection name="ds628.0_fcst_column"
                                featureType="GRIB1"
                                harvest="true"
                                path="aggregations/JRA55/ds628.0/14">

               <metadata inherited="true">
                    <serviceName>all</serviceName>
               </metadata>

               <collection name="ds628.0_fcst_column"
                           spec="/glade/p/rda/data/ds628.0/fcst_column/**/fcst_column\..*"
                           olderThan="0 min"/>

                  <gribConfig datasetTypes="Best">
                    <bestNamer name="Timeseries Aggregation"/>
                    <pdsHash>
                      <useTableVersion>false</useTableVersion>
                    </pdsHash>
                  </gribConfig>
                  <update startup="false" trigger="allow"/>
             </featureCollection>
             -->

             <featureCollection name="ds628.0_fcst_column125"
                                featureType="GRIB1"
                                harvest="true"
                                path="aggregations/JRA55/ds628.0/15">

               <metadata inherited="true">
                    <serviceName>all</serviceName>
               </metadata>

               <collection name="ds628.0_fcst_column125"
                           spec="/glade/p/rda/data/ds628.0/fcst_column125/**/fcst_column125\..*" />
               <tdm rewrite="test"/>
             </featureCollection>

             <!--
             <featureCollection name="ds628.0_fcst_land"
                                featureType="GRIB1"
                                harvest="true"
                                path="aggregations/JRA55/ds628.0/16">

               <metadata inherited="true">
                    <serviceName>all</serviceName>
               </metadata>

               <collection name="ds628.0_fcst_land"
                           spec="/glade/p/rda/data/ds628.0/fcst_land/**/fcst_land\..*"
                           olderThan="0 min"/>

                  <gribConfig datasetTypes="Best">
                    <bestNamer name="Timeseries Aggregation"/>
                    <pdsHash>
                      <useTableVersion>false</useTableVersion>
                    </pdsHash>
                  </gribConfig>
                  <update startup="false" trigger="allow"/>
             </featureCollection>
             -->

             <featureCollection name="ds628.0_fcst_land125"
                                featureType="GRIB1"
                                harvest="true"
                                path="aggregations/JRA55/ds628.0/17">

               <metadata inherited="true">
                    <serviceName>all</serviceName>
               </metadata>

               <collection name="ds628.0_fcst_land125"
                           spec="/glade/p/rda/data/ds628.0/fcst_land125/**/fcst_land125\..*" />
               <tdm rewrite="test"/>
             </featureCollection>

             <!--
             <featureCollection name="ds628.0_fcst_p125"
                                featureType="GRIB1"
                                harvest="true"
                                path="aggregations/JRA55/ds628.0/19">

               <metadata inherited="true">
                    <serviceName>all</serviceName>
               </metadata>

               <collection name="ds628.0_fcst_p125"
                           spec="/glade/p/rda/data/ds628.0/fcst_p125/**/fcst_p125\..*"
                           olderThan="0 min"/>

                  <gribConfig datasetTypes="Best">
                    <bestNamer name="Timeseries Aggregation"/>
                    <pdsHash>
                      <useTableVersion>false</useTableVersion>
                    </pdsHash>
                  </gribConfig>
                  <update startup="false" trigger="allow"/>
             </featureCollection>
             -->

             <!--
             <featureCollection name="ds628.0_fcst_p25"
                                featureType="GRIB1"
                                harvest="true"
                                path="aggregations/JRA55/ds628.0/20">

               <metadata inherited="true">
                    <serviceName>all</serviceName>
               </metadata>

               <collection name="ds628.0_fcst_p25"
                           spec="/glade/p/rda/data/ds628.0/fcst_p25/**/fcst_p25\..*"
                           olderThan="0 min"/>

                  <gribConfig datasetTypes="Best">
                    <bestNamer name="Timeseries Aggregation"/>
                    <pdsHash>
                      <useTableVersion>false</useTableVersion>
                    </pdsHash>
                  </gribConfig>
                  <update startup="false" trigger="allow"/>
             </featureCollection>
             -->

         </dataset>

         <dataset name="Diagnostic Fields">

             <featureCollection name="ds628.0_fcst_phy2m"
                                featureType="GRIB1"
                                harvest="true"
                                path="aggregations/JRA55/ds628.0/21">

               <metadata inherited="true">
                    <serviceName>all</serviceName>
               </metadata>

               <collection name="ds628.0_fcst_phy2m"
                           spec="/glade/p/rda/data/ds628.0/fcst_phy2m/**/fcst_phy2m\..*"  />
               <tdm rewrite="test"/>
             </featureCollection>

             <featureCollection name="ds628.0_fcst_phy2m125"
                                featureType="GRIB1"
                                harvest="true"
                                path="aggregations/JRA55/ds628.0/22">

               <metadata inherited="true">
                    <serviceName>all</serviceName>
               </metadata>

               <collection name="ds628.0_fcst_phy2m125"
                           spec="/glade/p/rda/data/ds628.0/fcst_phy2m125/**/fcst_phy2m125\..*" />
               <tdm rewrite="test"/>
             </featureCollection>

             <!--
             <featureCollection name="ds628.0_fcst_phy3m"
                                featureType="GRIB1"
                                harvest="true"
                                path="aggregations/JRA55/ds628.0/23">

               <metadata inherited="true">
                    <serviceName>all</serviceName>
               </metadata>

               <collection name="ds628.0_fcst_phy3m"
                           spec="/glade/p/rda/data/ds628.0/fcst_phy3m/**/fcst_phy3m\..*"
                           olderThan="0 min"/>

                  <gribConfig datasetTypes="Best">
                    <bestNamer name="Timeseries Aggregation"/>
                    <pdsHash>
                      <useTableVersion>false</useTableVersion>
                    </pdsHash>
                  </gribConfig>
                  <update startup="false" trigger="allow"/>
             </featureCollection>
             -->

             <!--
             <featureCollection name="ds628.0_fcst_phy3m125"
                                featureType="GRIB1"
                                harvest="true"
                                path="aggregations/JRA55/ds628.0/24">

               <metadata inherited="true">
                    <serviceName>all</serviceName>
               </metadata>

               <collection name="ds628.0_fcst_phy3m125"
                           spec="/glade/p/rda/data/ds628.0/fcst_phy3m125/**/fcst_phy3m125\..*"
                           olderThan="0 min"/>

                  <gribConfig datasetTypes="Best">
                    <bestNamer name="Timeseries Aggregation"/>
                    <pdsHash>
                      <useTableVersion>false</useTableVersion>
                    </pdsHash>
                  </gribConfig>
                  <update startup="false" trigger="allow"/>
             </featureCollection>
             -->

             <featureCollection name="ds628.0_fcst_phyland"
                                featureType="GRIB1"
                                harvest="true"
                                path="aggregations/JRA55/ds628.0/25">

               <metadata inherited="true">
                    <serviceName>all</serviceName>
               </metadata>

               <collection name="ds628.0_fcst_phyland"
                           spec="/glade/p/rda/data/ds628.0/fcst_phyland/**/fcst_phyland\..*" />
               <tdm rewrite="test"/>
             </featureCollection>

             <featureCollection name="ds628.0_fcst_phyland125"
                                featureType="GRIB1"
                                harvest="true"
                                path="aggregations/JRA55/ds628.0/26">

               <metadata inherited="true">
                    <serviceName>all</serviceName>
               </metadata>

               <collection name="ds628.0_fcst_phyland125"
                           spec="/glade/p/rda/data/ds628.0/fcst_phyland125/**/fcst_phyland125\..*" />
               <tdm rewrite="test"/>
             </featureCollection>

             <featureCollection name="ds628.0_fcst_surf"
                                featureType="GRIB1"
                                harvest="true"
                                path="aggregations/JRA55/ds628.0/27">

               <metadata inherited="true">
                    <serviceName>all</serviceName>
               </metadata>

               <collection name="ds628.0_fcst_surf"
                           spec="/glade/p/rda/data/ds628.0/fcst_surf/**/fcst_surf\..*" />
               <tdm rewrite="test"/>
             </featureCollection>

             <featureCollection name="ds628.0_fcst_surf125"
                                featureType="GRIB1"
                                harvest="true"
                                path="aggregations/JRA55/ds628.0/28">

               <metadata inherited="true">
                    <serviceName>all</serviceName>
               </metadata>

               <collection name="ds628.0_fcst_surf125"
                           spec="/glade/p/rda/data/ds628.0/fcst_surf125/**/fcst_surf125\..*"  />
               <tdm rewrite="test"/>
             </featureCollection>

             <featureCollection name="ds628.0_ice"
                                featureType="GRIB1"
                                harvest="true"
                                path="aggregations/JRA55/ds628.0/29">

               <metadata inherited="true">
                    <serviceName>all</serviceName>
               </metadata>

               <collection name="ds628.0_ice"
                           spec="/glade/p/rda/data/ds628.0/ice/**/ice\..*" />
               <tdm rewrite="test"/>
             </featureCollection>

             <featureCollection name="ds628.0_ice125"
                                featureType="GRIB1"
                                harvest="true"
                                path="aggregations/JRA55/ds628.0/30">

               <metadata inherited="true">
                    <serviceName>all</serviceName>
               </metadata>

               <collection name="ds628.0_ice125"
                           spec="/glade/p/rda/data/ds628.0/ice125/**/ice125\..*" />
               <tdm rewrite="test"/>
             </featureCollection>

             <featureCollection name="ds628.0_minmax_surf"
                                featureType="GRIB1"
                                harvest="true"
                                path="aggregations/JRA55/ds628.0/31">

               <metadata inherited="true">
                    <serviceName>all</serviceName>
               </metadata>

               <collection name="ds628.0_minmax_surf"
                           spec="/glade/p/rda/data/ds628.0/minmax_surf/**/minmax_surf\..*" />
               <tdm rewrite="test"/>
             </featureCollection>

         </dataset>

         <dataset name="Constant Fields">


             <featureCollection name="ds628.0_ll125"
                                featureType="GRIB1"
                                harvest="true"
                                path="aggregations/JRA55/ds628.0/32">

               <metadata inherited="true">
                    <serviceName>all</serviceName>
               </metadata>

               <collection name="ds628.0_ll125"
                           spec="/glade/p/rda/data/ds628.0/ll125/**/ll125\..*" />
               <tdm rewrite="test"/>
             </featureCollection>

             <featureCollection name="ds628.0_ll25"
                                featureType="GRIB1"
                                harvest="true"
                                path="aggregations/JRA55/ds628.0/33">

               <metadata inherited="true">
                    <serviceName>all</serviceName>
               </metadata>

               <collection name="ds628.0_ll25"
                           spec="/glade/p/rda/data/ds628.0/ll25/**/ll25\..*" />
               <tdm rewrite="test"/>
             </featureCollection>

             <featureCollection name="ds628.0_tl319"
                                featureType="GRIB1"
                                harvest="true"
                                path="aggregations/JRA55/ds628.0/34">

               <metadata inherited="true">
                    <serviceName>all</serviceName>
               </metadata>

               <collection name="ds628.0_tl319"
                           spec="/glade/p/rda/data/ds628.0/tl319/**/tl319\..*" />
               <tdm rewrite="test"/>
             </featureCollection>

         </dataset>

      </dataset>

  </dataset>

</catalog>
