<?xml version="1.0" encoding="UTF-8"?>
<catalog name="THREDDS Server Default Catalog : You must change this to fit your server!"
        xmlns="http://www.unidata.ucar.edu/namespaces/thredds/InvCatalog/v1.0"
        xmlns:xlink="http://www.w3.org/1999/xlink">

  <service name="all" serviceType="Compound" base="">
    
    <service name="HTTPServer" serviceType="HTTPServer" base="/thredds/fileServer/"/>
    <service name="opendap" serviceType="OPENDAP" base="/thredds/dodsC/"/>
    <service name="ncss" serviceType="NetcdfSubset" base="/thredds/ncss/"/>
    <service name="cdmremote" serviceType="CdmRemote" base="/thredds/cdmremote/"/>
    
    <service name="wcs" serviceType="WCS" base="/thredds/wcs/"/>
    <service name="wms" serviceType="WMS" base="/thredds/wms/"/>
    
    <service name="iso" serviceType="ISO" base="/thredds/iso/"/>
    <service name="ncml" serviceType="NCML" base="/thredds/ncml/"/>
    <service name="uddc" serviceType="UDDC" base="/thredds/uddc/"/>
  </service>


    <!-- Top level dataset: Needed to set metadata for Files & Aggregations -->

    <dataset name="ds627.1 ERA-Interim Project, Monthly Means">
        <metadata inherited="true">
          <serviceName>all</serviceName>
          <dataFormat>GRIB-1</dataFormat>  
          <dataType>GRID</dataType>   
          <documentation type="Rights">Some Restrictions Apply</documentation>   
          <documentation xlink:href="http://rda.ucar.edu/datasets/ds627.1/" 
                         xlink:title="ERA-Interim Project, Monthly Means"/>   
          <documentation type="summary">  
ERA-Interim represents a major undertaking by ECMWF (European Centre for Medium-Range Weather Forecasts) to produce a reanalysis with an improved atmospheric model and assimilation system which replaces those used in ERA-40, particularly for the data-rich 1990s and 2000s, and to be continued as an ECMWF Climate Data Assimilation System (ECDAS) until superseded by a new extended reanalysis. Preliminary runs indicated that several of the inaccuracies exhibited by ERA-40 such as too-strong precipitation over oceans from the early 1990s onwards and a too-strong Brewer-Dobson circulation in the stratosphere, were eliminated or significantly reduced. Production of ERA-Interim, from 1989 onwards, began in summer of 2006. (The period 1979-1988 was prepended in 2011.)
Through systematic increases of computing power, 4-dimensional variational assimilation (4D-Var) became feasible and part of ECMWF operations since 1997, paving the way to base ERA-Interim on 4D-Var (rather than 3D-Var as in ERA-40). Enhanced computing power also allowed horizontal resolution to be increased from T159 (N80, nominally 1.125 degrees for ERA-40) to T255 (N128, nominally 0.703125 degrees), and the latest cycle of the atmospheric model (IFS CY31r1 and CY31r2) to be used, taking advantage of improved model physics. ERA-interim retains the same 60 model levels used for ERA-40 with the highest level being 0.1 hectopascal. In addition, data assimilation of ERA-Interim also benefits from quality control that draws on experience from ERA-40 and JRA-25, variational bias correction of satellite radiance data, and more extensive use of radiances with an improved fast radiative transfer model.
          </documentation>
          <documentation type="summary">
Through systematic increases of computing power, 4-dimensional variational assimilation (4D-Var) became feasible and part of ECMWF operations since 1997, paving the way to base ERA-Interim on 4D-Var (rather than 3D-Var as in ERA-40). Enhanced computing power also allowed horizontal resolution to be increased from T159 (N80, nominally 1.125 degrees for ERA-40) to T255 (N128, nominally 0.703125 degrees), and the latest cycle of the atmospheric model (IFS CY31r1 and CY31r2) to be used, taking advantage of improved model physics. ERA-interim retains the same 60 model levels used for ERA-40 with the highest level being 0.1 hectopascal. In addition, data assimilation of ERA-Interim also benefits from quality control that draws on experience from ERA-40 and JRA-25, variational bias correction of satellite radiance data, and more extensive use of radiances with an improved fast radiative transfer model.
          </documentation>
          <documentation type="summary">
ERA-Interim uses sets of observations and boundary forcing fields acquired for ERA-40 through 2001, and from ECMWF operations thereafter. Noteworthy exceptions include new ERS (European Remote Sensing Satellite) altimeter wave heights, EUMETSAT (European Organisation for the Exploitation of Meteorological Satellites) reprocessed winds and clear-sky radiances, GOME (Global Ozone Monitoring Experiment) ozone data from the Rutherford Appleton Laboratory, and CHAMP (CHAllenging Minisatellite Payload), GRACE (Gravity Recovery and Climate Experiment), and COSMIC (Constellation Observing System for Meteorology, Ionosphere and Climate) GPS radio occultation measurements processed and archived by UCAR (University Corporation for Atmospheric Research).
          </documentation> 
          <documentation type="summary">
NCAR's Data Support Section (DSS) is performing and supplying a grid transformed version of ERA-Interim, in which variables originally represented as spectral coefficients or archived on a reduced Gaussian grid are transformed to a regular 512 longitude by 256 latitude N128 Gaussian grid. In addition, DSS is also computing horizontal winds (u-component, v-component) from spectral vorticity and divergence where these are available. Processing of analysis groups and the surface forecast has been completed for January 1979 through April 2014 (inclusive), or at least 35 years, and will continue as ERA-Interim becomes available thereafter (please refer to the 'Period details by subset' tab immediately below for the time range currently available for each group). Data is currently available via NCAR's High Performance Storage System (HPSS), or by delayed mode request which transfers files from the HPSS to our web server for internet download, or via direct internet download, or NCAR's GLADE file system.
          </documentation>
          <documentation xlink:href="http://apps.ecmwf.int/datasets/" xlink:title="ECMWF Downloadable Datasets" />
          <documentation xlink:href="https://climatedataguide.ucar.edu/climate-data/era-interim" xlink:title="Description of ERA-Interim at the NCAR Climate Data Guide" />
          <creator>   
            <name vocabulary="DIF">ECMWF</name>   
            <contact url="http://www.ecmwf.int/" email="http://www.ecmwf.int/en/about/contact-us" />   
          </creator>   
          <authority>edu.ucar.rda</authority>   
          <publisher>   
            <name vocabulary="DIF">NCAR/RDA</name>   
            <contact url="http://rda.ucar.edu/" email="dssweb@ucar.edu" />   
          </publisher>   
          <keyword>Numerical Weather Prediction</keyword>   
          <keyword>Model data</keyword>   
          <keyword>Reanalysis</keyword>   
        </metadata>


      <!--  Files -->

     <datasetScan name="ds627.1 Files" 
                  path="files/e/ds627.1" 
                  location="/glade/p/rda/data/ds627.1">
         <metadata inherited="true">
             <serviceName>all</serviceName>
         </metadata>
         <filter>
             <exclude wildcard="*.html"/>
             <exclude wildcard="*.htaccess"/>
         </filter>
         <addDatasetSize/>
     </datasetScan>

     <!-- Aggregations -->

     <dataset name="ds627.1 Aggregations">

         <dataset name="Analysis">
       
             <featureCollection name="ds627.1_an_ml"
                                featureType="GRIB1"
                                harvest="true"
                                path="aggregations/e/ds627.1/5">
           
               <metadata inherited="true">
                    <serviceName>all</serviceName>
               </metadata>
           
               <collection name="ds627.1_an_ml" 
                           spec="/glade/p/rda/data/ds627.1/ei.moda.an.ml/ei\.moda\.an\.ml\..*" />
                  
                  <tdm rewrite="test"/> 
             </featureCollection>
          
             <featureCollection name="ds627.1_an_pl"
                                featureType="GRIB1"
                                harvest="true"
                                path="aggregations/e/ds627.1/6">

               <metadata inherited="true">
                    <serviceName>all</serviceName>
               </metadata>

               <collection name="ds627.1_an_pl" 
                           spec="/glade/p/rda/data/ds627.1/ei.moda.an.pl/ei\.moda\.an\.pl\..*" />
                
                  <tdm rewrite="test"/>
             </featureCollection>
          
             <featureCollection name="ds627.1_an_pt"
                                featureType="GRIB1"
                                harvest="true"
                                path="aggregations/e/ds627.1/7">

               <metadata inherited="true">
                    <serviceName>all</serviceName>
               </metadata>

               <collection name="ds627.1_an_pt"
                           spec="/glade/p/rda/data/ds627.1/ei.moda.an.pt/ei\.moda\.an\.pt\..*"
                           olderThan="0 min"/>
             
                  <tdm rewrite="test"/>
             </featureCollection>  
   
             <featureCollection name="ds627.1_an_pv"
                                featureType="GRIB1"
                                harvest="true"
                                path="aggregations/e/ds627.1/8">

               <metadata inherited="true">
                    <serviceName>all</serviceName>
               </metadata>

               <collection name="ds627.1_an_pv"
                           spec="/glade/p/rda/data/ds627.1/ei.moda.an.pv/ei\.moda\.an\.pv\.regn128sc\..*"
                           dateFormatMark="#ei.moda.an.pv.regn128sc.#yyyyMMddHH" />
   
                  <tdm rewrite="test"/>
             </featureCollection>

             <featureCollection name="ds627.1_an_sfc"
                                featureType="GRIB1"
                                harvest="true"
                                path="aggregations/e/ds627.1/9">
         
               <metadata inherited="true">
                    <serviceName>all</serviceName>
               </metadata>      

               <collection name="ds627.1_an_sfc"
                           spec="/glade/p/rda/data/ds627.1/ei.moda.an.sfc/ei\.moda\.an\.sfc\.regn128sc\..*"
                           dateFormatMark="#ei.moda.an.sfc.regn128sc.#yyyyMMddHH" />

                  <tdm rewrite="test"/>
             </featureCollection>

         </dataset>
         <dataset name="Forecast">

             <featureCollection name="ds627.1_fc_sfc"
                                featureType="GRIB1"
                                harvest="true"
                                path="aggregations/e/ds627.1/15">
           
               <metadata inherited="true">
                    <serviceName>all</serviceName>
               </metadata>
           
               <collection name="ds627.1_fc_sfc" 
                           spec="/glade/p/rda/data/ds627.1/ei.mdfa.fc12hr.sfc/ei\.mdfa\.fc12hr\.sfc\.regn128sc\..*"
                           dateFormatMark="#ei.mdfa.fc12hr.sfc.regn128sc.#yyyyMMddHH" />
          
                  <tdm rewrite="test"/> 
             </featureCollection>
              
         </dataset>
      </dataset>
       
  </dataset>

</catalog>
