<?xml version="1.0" encoding="UTF-8"?>
<catalog name="THREDDS Server Default Catalog : You must change this to fit your server!"
        xmlns="http://www.unidata.ucar.edu/namespaces/thredds/InvCatalog/v1.0"
        xmlns:xlink="http://www.w3.org/1999/xlink">

  <service name="all" serviceType="Compound" base="">
    
    <service name="HTTPServer" serviceType="HTTPServer" base="/thredds/fileServer/"/>
    <service name="opendap" serviceType="OPENDAP" base="/thredds/dodsC/"/>
    <service name="ncss" serviceType="NetcdfSubset" base="/thredds/ncss/"/>
    <service name="cdmremote" serviceType="CdmRemote" base="/thredds/cdmremote/"/>
    
    <service name="wcs" serviceType="WCS" base="/thredds/wcs/"/>
    <service name="wms" serviceType="WMS" base="/thredds/wms/"/>
    
    <service name="iso" serviceType="ISO" base="/thredds/iso/"/>
    <service name="ncml" serviceType="NCML" base="/thredds/ncml/"/>
    <service name="uddc" serviceType="UDDC" base="/thredds/uddc/"/>
  </service>


    <!-- Top level dataset: Needed to set metadata for Files & Aggregations -->

    <dataset name="ds285.3 NCAR RDA - Subsurface Temperature And Salinity Analyses by Ishii et al.">
        <metadata inherited="true">
          <serviceName>all</serviceName>
          <dataFormat>GRIB-1</dataFormat>  
          <dataType>GRID</dataType>   
          <documentation type="Rights">Freely Available</documentation>   
          <documentation xlink:href="http://rda.ucar.edu/datasets/ds285.3/" 
                         xlink:title="NCAR RDA - Subsurface Temperature And Salinity Analyses by Ishii et al. (ds285.3)"/>   
          <documentation type="summary">  
Monthly objectively analyzed subsurface temperature and Salinity at 16 levels in the upper 700m started from 1945 and prepared by M. Ishii et al.
The analysis is based on the World Ocean Database/Atlas 2005 WOD05/WOA05, ( ds285.0), the Global Temperature-Salinitiy in the tropical pacific from IRD (L'institut de recherche pour le developement, France, ds279.1), and the Centennial in situ Observation Based Estimates (COBE) sea surface temperature. ARGO profiling buoy data have also been used in the final several years. The XBT depth bias correction is applied in the current version. 
          </documentation> 
          <documentation xlink:href="http://atm-phys.nies.go.jp/~ism/pub/ProjD/" xlink:title="Ishii Ocean Analyses Project" />   
          <creator>   
            <name vocabulary="DIF">JP/JAMSTEC/FRSGC</name>   
            <contact url="http://atm-phys.nies.go.jp/~ism/pub/ProjD/" email="" />   
          </creator>   
          <authority>edu.ucar.rda</authority>   
          <publisher>   
            <name vocabulary="DIF">NCAR/RDA</name>   
            <contact url="http://rda.ucar.edu/" email="dssweb@ucar.edu" />   
          </publisher>   
          <keyword>Numerical Weather Prediction</keyword>   
          <keyword>Ocean</keyword>   
          <keyword>Temperature</keyword>   
          <keyword>Salinity</keyword>   
          <keyword>Model data</keyword> 

        </metadata>


      <!--  Files -->

     <datasetScan name="ds285.3 Files" 
                  path="files/g/ds285.3" 
                  location="/glade/p/rda/data/ds285.3">
         <metadata inherited="true">
             <serviceName>all</serviceName>
         </metadata>
         <filter>
             <exclude wildcard="*.html"/>
         </filter>
         <addDatasetSize/>
     </datasetScan>

     <!-- Aggregations -->

     <dataset name="ds285.3 (v6.9) Aggregations">
       
         <featureCollection name="ds285.3_6.9_temp"
                            featureType="GRIB1"
                            harvest="true"
                            path="aggregations/g/ds285.3/7">
       
           <metadata inherited="true">
                <serviceName>all</serviceName>
           </metadata>
       
           <collection name="ds285.3_6.9_temp" 
                       spec="/glade/p/rda/data/ds285.3/temp6.9/temp\..*\.grb$"
                       dateFormatMark="#temp.#yyyy" />
              
              <tdm rewrite="test"/>  
         </featureCollection>
       
         <featureCollection name="ds285.3_6.9_sal"
                            featureType="GRIB1"
                            harvest="true"
                            path="aggregations/g/ds285.3/8">
       
           <metadata inherited="true">
                <serviceName>all</serviceName>
           </metadata>
       
           <collection name="ds285.3_6.9_sal" 
                       spec="/glade/p/rda/data/ds285.3/sal6.9/sal\..*\.grb$"
                       dateFormatMark="#sal.#yyyy" />

              <tdm rewrite="test"/> 
         </featureCollection>
       
     </dataset>
 
     <dataset name="ds285.3 (v6.12) Aggregations">
       
         <featureCollection name="ds285.3_6.12_temp"
                            featureType="GRIB1"
                            harvest="true"
                            path="aggregations/g/ds285.3/9">
       
           <metadata inherited="true">
                <serviceName>all</serviceName>
           </metadata>
       
           <collection name="ds285.3_6.12_temp" 
                       spec="/glade/p/rda/data/ds285.3/temp6.12/temp\..*\.grb$"
                       dateFormatMark="#temp.#yyyy" />
      
              <tdm rewrite="test"/>
         </featureCollection>
       
         <featureCollection name="ds285.3_6.12_sal"
                            featureType="GRIB1"
                            harvest="true"
                            path="aggregations/g/ds285.3/10">
       
           <metadata inherited="true">
                <serviceName>all</serviceName>
           </metadata>
       
           <collection name="ds285.3_6.12_sal" 
                       spec="/glade/p/rda/data/ds285.3/sal6.12/sal\..*\.grb$"
                       dateFormatMark="#sal.#yyyy" />
      
              <tdm rewrite="test"/> 
         </featureCollection>
       
     </dataset>
 
     <dataset name="ds285.3 (v6.13) Aggregations">
       
         <featureCollection name="ds285.3_6.13_temp"
                            featureType="GRIB1"
                            harvest="true"
                            path="aggregations/g/ds285.3/11">
       
           <metadata inherited="true">
                <serviceName>all</serviceName>
           </metadata>
       
           <collection name="ds285.3_6.13_temp" 
                       spec="/glade/p/rda/data/ds285.3/temp6.13/temp\..*\.grb$"
                       dateFormatMark="#temp.#yyyy" />
              
              <tdm rewrite="test"/> 
         </featureCollection>
       
         <featureCollection name="ds285.3_6.13_sal"
                            featureType="GRIB1"
                            harvest="true"
                            path="aggregations/g/ds285.3/12">
       
           <metadata inherited="true">
                <serviceName>all</serviceName>
           </metadata>
       
           <collection name="ds285.3_6.13_sal" 
                       spec="/glade/p/rda/data/ds285.3/sal6.13/sal\..*\.grb$"
                       dateFormatMark="#sal.#yyyy" />
         
              <tdm rewrite="test"/> 
         </featureCollection>
       
     </dataset>
       
  </dataset>

</catalog>
