<?xml version="1.0" encoding="UTF-8"?>
<catalog name="THREDDS Server Default Catalog : You must change this to fit your server!"
        xmlns="http://www.unidata.ucar.edu/namespaces/thredds/InvCatalog/v1.0"
        xmlns:xlink="http://www.w3.org/1999/xlink">

  <service name="all" serviceType="Compound" base="">
    
    <service name="HTTPServer" serviceType="HTTPServer" base="/thredds/fileServer/"/>
    <service name="opendap" serviceType="OPENDAP" base="/thredds/dodsC/"/>
    <service name="ncss" serviceType="NetcdfSubset" base="/thredds/ncss/"/>
    <service name="cdmremote" serviceType="CdmRemote" base="/thredds/cdmremote/"/>
    
    <service name="wcs" serviceType="WCS" base="/thredds/wcs/"/>
    <service name="wms" serviceType="WMS" base="/thredds/wms/"/>
    
    <service name="iso" serviceType="ISO" base="/thredds/iso/"/>
    <service name="ncml" serviceType="NCML" base="/thredds/ncml/"/>
    <service name="uddc" serviceType="UDDC" base="/thredds/uddc/"/>
  </service>


    <!-- Top level dataset: Needed to set metadata for Files & Aggregations -->

    <dataset name="ds631.0 NCAR RDA - Arctic System Reanalysis (ASR) Project">
        <metadata inherited="true">
            <serviceName>all</serviceName>
          <dataFormat>NetCDF</dataFormat>  
          <dataType>GRID</dataType>   
          <documentation type="Rights">Freely Available</documentation>   
          <documentation xlink:href="http://rda.ucar.edu/datasets/ds631.0/" 
                         xlink:title="NCAR RDA - Arctic System Reanalysis (ASR) Project (ds631.0)"/>   
          <documentation type="summary">   
The Arctic System Reanalysis (ASR) is produced using a high-resolution version of the Polar Weather Forecast Model (PWRF) and the WRF-VAR and High Resolution Land Data Assimilation (HRLDAS) systems that have been optimized for the Arctic. A low-resolution (30km) data set which spans 2000-2010 was released in May 2012 and is available through the NCAR CISL RDA. There are 17 surface and 7 upper air analysis variables, 69 surface and 13 upper air forecast variables, and 3 soil variables. The final products will span 2000-2011 and will be at 10km resolution.
          </documentation> 
          <documentation xlink:href="http://polarmet.osu.edu/ASR/" xlink:title="The Arctic System Reanalysis (ASR)" />   
          <creator>   
            <name vocabulary="DIF">OH-STATE/BPRC</name>   
            <contact url="http://polarmet.osu.edu/ASR/" email="bromwich.1@osu.edu" />   
          </creator>   
          <authority>edu.ucar.rda</authority>   
          <publisher>   
            <name vocabulary="DIF">NCAR/RDA</name>   
            <contact url="http://rda.ucar.edu/" email="dssweb@ucar.edu" />   
          </publisher>   
          <keyword>Numerical Weather Prediction</keyword>   
          <keyword>NCEP</keyword>   
          <keyword>Model data</keyword>   


        </metadata>


      <!--  Files -->

     <datasetScan name="ds631.0 Files" 
                  path="files/g/ds631.0" 
                  location="/glade/p/rda/data/ds631.0">
         <metadata inherited="true">
             <serviceName>all</serviceName>
         </metadata>
         <filter>
             <exclude wildcard="*.html"/>
         </filter>
         <addDatasetSize/>
     </datasetScan>

     <!-- Aggregations -->
     <dataset name="ds631.0 Aggregations">

         <dataset name="ASR 30 km 3d pressure level analysis"
                  urlPath="aggregations/g/ds631.0/6/best"
                  harvest="true">
             <metadata inherited="true">
                 <serviceName>all</serviceName>
             </metadata>
            <netcdf xmlns="http://www.unidata.ucar.edu/namespaces/netcdf/ncml-2.2">
              <aggregation dimName="time" type="joinExisting">
                <scan location="/glade/p/rda/data/ds631.0/asr30km.anl.3D/" suffix=".nc" subdirs="false"/>
              </aggregation>
              <variable name="PRES" shape="num_metgrid_levels" type="float">
                <attribute name="units" value="Pa" />
                <attribute name="long_name" value="Isobaric levels" />
                <attribute name="positive" value="down" />
                <attribute name="_CoordinateAxisType" value="Pressure" />
                <attribute name="_CoordinateAliasForDimension" value="num_metgrid_levels" />
                <attribute name="_CoordinateZisPositive" value="down" />
              </variable>
            </netcdf>
          </dataset>
       
         <dataset name="ASR 30 km 2d surface analysis"
                  urlPath="aggregations/g/ds631.0/9/best"
                  harvest="true">
             <metadata inherited="true">
                 <serviceName>all</serviceName>
             </metadata>
            <netcdf xmlns="http://www.unidata.ucar.edu/namespaces/netcdf/ncml-2.2">
              <aggregation dimName="time" type="joinExisting">
                <scan location="/glade/p/rda/data/ds631.0/asr30km.anl.2d/" suffix=".nc" subdirs="false"/>
              </aggregation>
              <variable name="ZS" shape="soil_layers_stag" type="float">
                <attribute name="units" value="m" />
                <attribute name="long_name" value="DEPTHS OF CENTERS OF SOIL LAYERS" />
                <attribute name="positive" value="down" />
                <attribute name="_CoordinateAxisType" value="GeoZ" />
                <attribute name="_CoordinateAliasForDimension" value="soil_layers_stag" />
                <attribute name="_CoordinateZisPositive" value="down" />
              </variable>
       
            </netcdf>
          </dataset>
       
         <dataset name="ASR 30 km 3d pressure level forecast"
                  urlPath="aggregations/g/ds631.0/14/best"
                  harvest="true">
             <metadata inherited="true">
                 <serviceName>all</serviceName>
             </metadata>
            <netcdf xmlns="http://www.unidata.ucar.edu/namespaces/netcdf/ncml-2.2">
              <aggregation dimName="time" type="joinExisting">
                <scan location="/glade/p/rda/data/ds631.0/asr30km.fcst3.3D/" suffix=".nc" subdirs="false"/>
              </aggregation>
              <variable name="PRES" shape="num_metgrid_levels" type="float">
                <attribute name="units" value="Pa" />
                <attribute name="long_name" value="Isobaric levels" />
                <attribute name="positive" value="down" />
                <attribute name="_CoordinateAxisType" value="Pressure" />
                <attribute name="_CoordinateAliasForDimension" value="num_metgrid_levels" />
                <attribute name="_CoordinateZisPositive" value="down" />
              </variable>
            </netcdf>
          </dataset>
       
         <dataset name="ASR 30 km 2d surface forecast"
                  urlPath="aggregations/g/ds631.0/15/best"
                  harvest="true">
             <metadata inherited="true">
                 <serviceName>all</serviceName>
             </metadata>
            <netcdf xmlns="http://www.unidata.ucar.edu/namespaces/netcdf/ncml-2.2">
              <aggregation dimName="time" type="joinExisting">
                <scan location="/glade/p/rda/data/ds631.0/asr30km.fcst3.2d/" suffix=".nc" subdirs="false"/>
              </aggregation>
              <variable name="ZS" shape="soil_layers_stag" type="float">
                <attribute name="units" value="m" />
                <attribute name="long_name" value="DEPTHS OF CENTERS OF SOIL LAYERS" />
                <attribute name="positive" value="down" />
                <attribute name="_CoordinateAxisType" value="GeoZ" />
                <attribute name="_CoordinateAliasForDimension" value="soil_layers_stag" />
                <attribute name="_CoordinateZisPositive" value="down" />
              </variable>
            </netcdf>
          </dataset>
       
         <dataset name="ASR 30km monthly means of analysis products"
                  urlPath="aggregations/g/ds631.0/21/best"
                  harvest="true">
             <metadata inherited="true">
                 <serviceName>all</serviceName>
             </metadata>
            <netcdf xmlns="http://www.unidata.ucar.edu/namespaces/netcdf/ncml-2.2">
             <aggregation type="Union">
             <netcdf>
              <aggregation dimName="time" type="joinExisting">
                <scan location="/glade/p/rda/data/ds631.0/asr30km.anl.monthly/" regExp="ASR30km\.anl\.2d\.mon\.[0-9]+.nc" subdirs="false"/>
              </aggregation>
              <variable name="ZS" shape="soil_layers_stag" type="float">
                <attribute name="units" value="m" />
                <attribute name="long_name" value="DEPTHS OF CENTERS OF SOIL LAYERS" />
                <attribute name="positive" value="down" />
                <attribute name="_CoordinateAxisType" value="GeoZ" />
                <attribute name="_CoordinateAliasForDimension" value="soil_layers_stag" />
                <attribute name="_CoordinateZisPositive" value="down" />
              </variable>
             </netcdf>
             <netcdf>
              <aggregation dimName="time" type="joinExisting">
                <scan location="/glade/p/rda/data/ds631.0/asr30km.anl.monthly/" regExp="ASR30km\.anl\.3D\.mon\.[0-9]+.nc" subdirs="false"/>
              </aggregation>
              <variable name="PRES" shape="num_metgrid_levels" type="float">
                <attribute name="units" value="Pa" />
                <attribute name="long_name" value="Isobaric levels" />
                <attribute name="positive" value="down" />
                <attribute name="_CoordinateAxisType" value="Pressure" />
                <attribute name="_CoordinateAliasForDimension" value="num_metgrid_levels" />
                <attribute name="_CoordinateZisPositive" value="down" />
              </variable>
             </netcdf>
            </aggregation>
           </netcdf>
          </dataset>
       
         <dataset name="ASR 30km monthly means of forecast products"
                  urlPath="aggregations/g/ds631.0/22/best"
                  harvest="true">
             <metadata inherited="true">
                 <serviceName>all</serviceName>
             </metadata>
            <netcdf xmlns="http://www.unidata.ucar.edu/namespaces/netcdf/ncml-2.2">
             <aggregation type="Union">
             <netcdf>
              <aggregation dimName="time" type="joinExisting">
                <scan location="/glade/p/rda/data/ds631.0/asr30km.fcst3.monthly/" regExp="ASR30km\.fcst3\.2d\.mon\.[0-9]+.nc" subdirs="false"/>
              </aggregation>
              <variable name="ZS" shape="soil_layers_stag" type="float">
                <attribute name="units" value="m" />
                <attribute name="long_name" value="DEPTHS OF CENTERS OF SOIL LAYERS" />
                <attribute name="positive" value="down" />
                <attribute name="_CoordinateAxisType" value="GeoZ" />
                <attribute name="_CoordinateAliasForDimension" value="soil_layers_stag" />
                <attribute name="_CoordinateZisPositive" value="down" />
              </variable>
             </netcdf>
             <netcdf>
              <aggregation dimName="time" type="joinExisting">
                <scan location="/glade/p/rda/data/ds631.0/asr30km.fcst3.monthly/" regExp="ASR30km\.fcst3\.3D\.mon\.[0-9]+.nc" subdirs="false"/>
              </aggregation>
              <variable name="PRES" shape="num_metgrid_levels" type="float">
                <attribute name="units" value="Pa" />
                <attribute name="long_name" value="Isobaric levels" />
                <attribute name="positive" value="down" />
                <attribute name="_CoordinateAxisType" value="Pressure" />
                <attribute name="_CoordinateAliasForDimension" value="num_metgrid_levels" />
                <attribute name="_CoordinateZisPositive" value="down" />
              </variable>
             </netcdf>
            </aggregation>
       
            </netcdf>
          </dataset>
       
       </dataset>
   </dataset>

</catalog>
