<?xml version="1.0" encoding="UTF-8"?>
<catalog name="THREDDS Server Default Catalog : You must change this to fit your server!"
        xmlns="http://www.unidata.ucar.edu/namespaces/thredds/InvCatalog/v1.0"
        xmlns:xlink="http://www.w3.org/1999/xlink">

  <!-- All-inclusive service group to be used for individual files -->
  <service name="all" serviceType="Compound" base="">
    <service name="HTTPServer" serviceType="HTTPServer" base="/thredds/fileServer/"/>
    <service name="opendap" serviceType="OPENDAP" base="/thredds/dodsC/"/>
    <service name="ncss" serviceType="NetcdfSubset" base="/thredds/ncss/"/>
    <service name="cdmremote" serviceType="CdmRemote" base="/thredds/cdmremote/"/>
    <service name="wcs" serviceType="WCS" base="/thredds/wcs/"/>
    <service name="wms" serviceType="WMS" base="/thredds/wms/"/>
    <service name="iso" serviceType="ISO" base="/thredds/iso/"/>
    <service name="ncml" serviceType="NCML" base="/thredds/ncml/"/>
    <service name="uddc" serviceType="UDDC" base="/thredds/uddc/"/>
  </service>

  <!-- Service group to be used for aggregations (includes all services except
       HTTPServer) -->
  <service name="agg_services" serviceType="Compound" base="">
    <service name="opendap" serviceType="OPENDAP" base="/thredds/dodsC/"/>
    <service name="ncss" serviceType="NetcdfSubset" base="/thredds/ncss/grid/"/>
    <service name="cdmremote" serviceType="CdmRemote" base="/thredds/cdmremote/"/>
    <service name="wcs" serviceType="WCS" base="/thredds/wcs/"/>
    <service name="wms" serviceType="WMS" base="/thredds/wms/"/>
    <service name="iso" serviceType="ISO" base="/thredds/iso/"/>
    <service name="ncml" serviceType="NCML" base="/thredds/ncml/"/>
    <service name="uddc" serviceType="UDDC" base="/thredds/uddc/"/>
  </service>

    <!-- Top level dataset: Needed to set metadata for Files & Aggregations -->

    <dataset name="ds502.0 NCAR RDA - NOAA CPC Morphing Technique (CMORPH) Global Precipitation Analyses">
        <metadata inherited="true">
          <serviceName>agg_services</serviceName>
          <dataFormat>NetCDF</dataFormat>  
          <dataType>GRID</dataType>   
          <documentation type="Rights">Freely Available</documentation>   
          <documentation xlink:href="http://rda.ucar.edu/datasets/ds502.0/" 
                         xlink:title="NCAR RDA - NOAA CPC Morphing Technique (CMORPH) Global Precipitation Analyses (ds502.0)"/>   
          <documentation type="summary">   
CMORPH (CPC MORPHing technique) produces global precipitation analyses at very high spatial and temporal resolution. This technique uses precipitation estimates that have been derived from low orbiter satellite microwave observations exclusively, and whose features are transported via spatial propagation information that is obtained entirely from geostationary satellite IR data. Precipitation estimates are derived from the passive microwaves aboard the DMSP 13, 14 and 15 (SSM-I), the NOAA-15, 16, 17 and 18 (AMSU-B), and AMSR-E and TMI aboard NASA's Aqua and TRMM spacecraft, respectively. These estimates are generated by algorithms of Ferraro (1997) for SSM-I, Ferraro et al. (2000) for AMSU-B and Kummerow et al. (2001) for TMI. Note that this technique is not a precipitation estimation algorithm but a means by which estimates from existing microwave rainfall algorithms can be combined. Therefore, this method is extremely flexible such that any precipitation estimates from any microwave satellite source can be incorporated.
          </documentation> 
          <documentation xlink:href="http://www.cpc.ncep.noaa.gov/products/janowiak/cmorph.shtml" xlink:title="NOAA CMORPH Precipitation Page" />   
          <creator>   
            <name vocabulary="DIF">DOC/NOAA/NWS/NCEP/CPC</name>   
            <contact url="http://www.cpc.ncep.noaa.gov/products/janowiak/cmorph.shtml" email="john.janowiak@noaa.gov" />   
          </creator>   
          <authority>edu.ucar.rda</authority>   
          <publisher>   
            <name vocabulary="DIF">NCAR/RDA</name>   
            <contact url="http://rda.ucar.edu/" email="dssweb@ucar.edu" />   
          </publisher>   
          <keyword>CMORPH</keyword>   
          <keyword>NCEP</keyword>   
          <keyword>Precipitation</keyword>
          <keyword>Precipitation Analysis</keyword>

        </metadata>

      <!--  Files -->

     <datasetScan name="ds502.0 Files" 
                  path="files/g/ds502.0" 
                  location="/glade/p/rda/data/ds502.0">
         <metadata inherited="true">
             <serviceName>all</serviceName>
         </metadata>
         <filter>
             <exclude wildcard="*.html"/>
             <exclude wildcard="big_endian" atomic="false" collection="true"/>
         </filter>
         <addDatasetSize/>
     </datasetScan>

     <!-- Aggregations -->

     <dataset name="ds502.0 Aggregations" 
             urlPath="aggregations/g/ds502.0/2/best" 
             harvest="true">
       <netcdf xmlns="http://www.unidata.ucar.edu/namespaces/netcdf/ncml-2.2">
         <aggregation dimName="time" type="joinExisting">
           <scan location="/glade/p/rda/data/ds502.0/netcdf/" suffix=".nc" subdirs="true"/>
         </aggregation>
         <variable name="cmorph_precip">
           <attribute name="standard_name" value="lwe_precipitation_rate_cmorph_estimate"/>
         </variable>
       </netcdf>
     </dataset>

 </dataset>
</catalog>
