<?xml version="1.0" encoding="UTF-8"?>
<catalog name="CISL Research Data Archive Dataset ds084.3"
         xmlns="http://www.unidata.ucar.edu/namespaces/thredds/InvCatalog/v1.0"
         xmlns:xlink="http://www.w3.org/1999/xlink">

    <dataset name="ds084.1 NCEP GFS 0.25 Degree Global Forecast Auxiliary Grids Historical Archive">
        <metadata inherited="true">
            <serviceName>all</serviceName>
            <dataFormat>GRIB-2</dataFormat>
            <dataType>GRID</dataType>
            <documentation type="Rights">Freely Available</documentation>
            <documentation xlink:href="http://rda.ucar.edu/datasets/ds084.3/"
                           xlink:title="NCEP GFS 0.25 Degree Global Forecast Auxiliary Grids Historical Archive (ds084.3)"/>
            <documentation type="summary">
                The NCEP operational Global Forecast System auxiliary analysis and forecast grids are on a 0.25 by 0.25
                global latitude longitude grid. Grids include analysis and forecast time steps at a 3 hourly interval
                from 0 to 240, and a 12 hourly interval from 240 to 384. Model forecast runs occur at 00, 06, 12, and 18
                UTC daily. For real-time data access please use the NCEP data server.
            </documentation>
            <documentation xlink:href="http://www.emc.ncep.noaa.gov/modelinfo/index.html"
                           xlink:title="NCEP Model documentation"/>
            <creator>
                <name vocabulary="DIF">DOC/NOAA/NWS/NCEP</name>
                <contact url="http://www.ncep.noaa.gov/" email="http://www.ncep.noaa.gov/mail_liaison.shtml"/>
            </creator>
            <authority>edu.ucar.rda</authority>
            <publisher>
                <name vocabulary="DIF">NCAR/RDA</name>
                <contact url="http://rda.ucar.edu/" email="rdahelp@ucar.edu"/>
            </publisher>
            <keyword>Numerical Weather Prediction</keyword>
            <keyword>NCEP</keyword>
            <keyword>Model data</keyword>
            <keyword>GFS</keyword>
        </metadata>

        <!--  Files  -->


        <datasetScan name="ds084.3 Files"
                     path="files/g/ds084.3"
                     location="/glade/p/rda/data/ds084.3">
            <metadata inherited="true">
                <serviceName>all</serviceName>
            </metadata>
            <filter>
                <exclude wildcard="*.html"/>
            </filter>
            <addDatasetSize/>
        </datasetScan>

        <!--  Aggregations  -->

        <featureCollection name="ds084.3 Aggregation"
                           featureType="GRIB2"
                           harvest="true"
                           path="aggregations/g/ds084.3/1">

            <collection name="ds084.3" spec="/glade/p/rda/data/ds084.3/**/.*grib2$"
                        dateFormatMark="yyyyMMdd#/gfs.0p25b#"/>
            <tdm rewrite="test" rescan="0 6 1 * * ? *"/>
        </featureCollection>

    </dataset>

</catalog>
