<?xml version="1.0" encoding="UTF-8"?>
<catalog name="ds094.1  NCEP Climate Forecast System Version 2 (CFSv2) Selected Hourly Time-Series Products"
         xmlns="http://www.unidata.ucar.edu/namespaces/thredds/InvCatalog/v1.0"
         xmlns:xlink="http://www.w3.org/1999/xlink">

  <!-- Top level dataset: Needed to set metadata for Files & Aggregations -->

  <dataset name="ds094.1">
    <metadata inherited="true">
      <serviceName>all</serviceName>
      <dataFormat>GRIB-2</dataFormat>
      <dataType>GRID</dataType>
      <documentation type="Rights">Freely Available</documentation>
      <documentation xlink:href="http://rda.ucar.edu/datasets/ds094.1/"
                     xlink:title="NCEP Climate Forecast System Version 2 (CFSv2) Selected Hourly Time-Series Products (ds094.1)"/>
      <documentation type="summary">
        The National Centers for Environmental Prediction (NCEP) Climate Forecast System Reanalysis (CFSR) was initially completed over the 31-year period from
        1979 to 2009 and has been extended to March 2011. Selected CFSR time series products are available at 0.3, 0.5, 1.0, and 2.5 degree horizontal
        resolutions at hourly intervals by combining either 1) the analysis and one- through five-hour forecasts, or 2) the one- through six-hour forecasts, for
        each initialization time.
      </documentation>
      <documentation xlink:href="http://cfs.ncep.noaa.gov/cfsr/" xlink:title="CFSR Home"/>
      <documentation xlink:href="https://climatedataguide.ucar.edu/climate-data/climate-forecast-system-reanalysis-cfsr"
                     xlink:title="Description of CFSR at the NCAR Climate Data Guide"/>
      <documentation xlink:href="http://rda.ucar.edu/#!pub/cfsr.html" xlink:title="More information about CFSR"/>
      <creator>
        <name vocabulary="DIF">DOC/NOAA/NWS/NCEP/EMC</name>
        <contact url="http://cfs.ncep.noaa.gov/cfsr/" email="cfs@noaa.gov"/>
      </creator>
      <authority>edu.ucar.rda</authority>
      <publisher>
        <name vocabulary="DIF">NCAR/RDA</name>
        <contact url="http://rda.ucar.edu/" email="rdahelp@ucar.edu"/>
      </publisher>
      <keyword>Numerical Weather Prediction</keyword>
      <keyword>NCEP</keyword>
      <keyword>CFS</keyword>
      <keyword>CFSR</keyword>
      <keyword>Reanalysis</keyword>
    </metadata>


    <!--  Files -->


    <datasetScan name="ds094.1 Files"
                 path="files/g/ds094.1"
                 location="/glade/p/rda/data/ds094.1">
      <metadata inherited="true">
        <serviceName>all</serviceName>
      </metadata>
      <filter>
        <exclude wildcard="*.html"/>
      </filter>
      <addDatasetSize/>
    </datasetScan>

    <!-- Aggregations -->
    <featureCollection name="ds094.1 Aggregation"
                       featureType="GRIB2"
                       harvest="true"
                       path="aggregations/g/ds094.1">

      <metadata inherited="true">
        <serviceName>all</serviceName>
      </metadata>

      <collection name="ds094.1" spec="/glade/p/rda/data/ds094.1/**/.*.grb2$"
                      dateFormatMark="yyyyMM#.grb2#" />
      <tdm rewrite="test" rescan="0 10 1 * * ? *" />

      <gribConfig>
        <gdsHash from='341801380' to='342723940'/>
        <pdsHash>
          <useGenType>true</useGenType>
        </pdsHash>
      </gribConfig>

    </featureCollection>

  </dataset>

</catalog>
