<?xml version="1.0" encoding="UTF-8"?>
<catalog xmlns="http://www.unidata.ucar.edu/namespaces/thredds/InvCatalog/v1.0"
         xmlns:xlink="http://www.w3.org/1999/xlink"
         name="Unidata THREDDS Data Server - NCEP models"
         version="1.0.7">

  <dataset name="NCEP Forecast Models">

    <metadata inherited="true">
      <authority>edu.ucar.unidata</authority>
      <documentation xlink:href="http://www.emc.ncep.noaa.gov/modelinfo/index.html"
                     xlink:title="NCEP Model documentation"/>
      <documentation type="rights">Freely available</documentation>
      <documentation type="processing_level">Transmitted through Unidata Internet Data Distribution.</documentation>
      <documentation type="processing_level">Read by CDM Grib Collection.</documentation>
      <documentation xlink:href="http://www.nco.ncep.noaa.gov/pmb/nwprod/analysis/"
                     xlink:title="NCEP/NWS Model Analyses and Forecasts page"/>
      <documentation xlink:href="http://www.unidata.ucar.edu/data/index.html#model"
                     xlink:title="Unidata IDD Model Data page"/>

      <creator>
        <name vocabulary="DIF">DOC/NOAA/NWS/NCEP</name>
        <contact url="http://www.ncep.noaa.gov/" email="http://www.ncep.noaa.gov/mail_liaison.shtml"/>
      </creator>
      <publisher>
        <name vocabulary="DIF">UCAR/UNIDATA</name>
        <contact url="http://www.unidata.ucar.edu/" email="support@unidata.ucar.edu"/>
      </publisher>
      <creator>
        <name vocabulary="ADN">National Oceanic and Atmospheric Administration (NOAA)/National Weather Service (NWS)
          National Center for Environmental Prediction (NCEP)
        </name>
        <contact url="http://www.ncep.noaa.gov/" email="http://www.ncep.noaa.gov/mail_liaison.shtml"/>
      </creator>
      <publisher>
        <name vocabulary="ADN">University Corporation for Atmospheric Research (UCAR)/Unidata</name>
        <contact url="http://www.unidata.ucar.edu/" email="support@unidata.ucar.edu"/>
      </publisher>
      <timeCoverage>
        <end>present</end>
        <duration>45 days</duration>
      </timeCoverage>
    </metadata>

    <dataset name="Downscaled GFS with Eta Extension (DGEX)">
      <metadata inherited="true">
        <documentation type="summary">
          The NCEP DGEX Model is the Eta model extended to 8 days over smaller domains using the operational Eta model
          78 hour forecast and GFS boundary conditions.
        </documentation>
        <documentation xlink:href="http://meted.ucar.edu/nwp/pcu2/etintro.htm"
                       xlink:title="COMET MetEd (Meteorology Education and Training) documentation"/>
        <documentation xlink:href="http://www.nws.noaa.gov/ost/ifps_sst/DGEX_combined.pdf"
                       xlink:title="NCEP presentation (ppt)"/>
      </metadata>

      <featureCollection name="DGEX CONUS 12km" featureType="GRIB2" harvest="true" path="grib/NCEP/DGEX/CONUS_12km">
        <metadata inherited="true">
          <documentation type="summary">
            NCEP Model output Grid 185 (C) horizontal = 491 by 303 points, resolution 12 km, LambertConformal projection.
            Model runs are made at 6 and 18Z, with forecasts starting at 84 hours, every 6 hours out to 192 hours
          </documentation>
        </metadata>

        <collection name="DGEX-CONUS_12km"
                    spec="/data/ldm/pub/native/grid/NCEP/DGEX/CONUS_12km/.*grib2$"
                     timePartition="file"
                     dateFormatMark="#DGEX_CONUS_12km_#yyyyMMdd_HHmm"
                     olderThan="5 min"/>
        <tdm rewrite="test" rescan="0 1/15 * * * ? *" />
      </featureCollection>

      <featureCollection name="DGEX Alaska 12km" featureType="GRIB2" harvest="true" path="grib/NCEP/DGEX/Alaska_12km">
        <metadata inherited="true">
          <documentation type="summary">
            NCEP Model output AWIPS Grid 186 (C) horizontal = 377 by 237 points, resolution 12 km, Polar Stereographic
            projection.
            Model runs are made at 0 and 12Z, with forecasts starting at 84 hours, every 6 hours out to 192 hours
          </documentation>
        </metadata>

        <collection name="DGEX-Alaska_12km"
                    spec="/data/ldm/pub/native/grid/NCEP/DGEX/Alaska_12km/.*grib2$"
                    timePartition="file"
                    dateFormatMark="#DGEX_Alaska_12km_#yyyyMMdd_HHmm"
                    olderThan="5 min"/>
        <tdm rewrite="test" rescan="0 1/15 * * * ? *" />
      </featureCollection>

    </dataset>

    <dataset name="Global Ensemble Forecasting System (GEFS)">

      <metadata inherited="true">
        <documentation type="summary">NCEP Global Ensemble Forecasting System (GEFS)
          Global one degree Lat/Lon grid.
          Model runs are made at 0, 6, 12, 18 ... hours out to 378 hours (16 days).
          Horizontal = 181 by 360 points, resolution 1 degree, Lat/Lon projection.
          Vertical = 2000 to 1000 hPa mandatory pressure levels (7 levels); pressure, height above ground,
          pressure_difference_layers.
        </documentation>
      </metadata>

      <featureCollection name="GEFS Members - Analysis" featureType="GRIB2" harvest="true"
                         path="grib/NCEP/GEFS/Global_1p0deg_Ensemble/members-analysis">
        <metadata inherited="true">
          <documentation type="summary">
            Ensemble members - Analysis grids only.
          </documentation>
        </metadata>

        <collection name="GEFS-Global_1p0deg_Ensemble-members-analysis"
                    spec="/data/ldm/pub/native/grid/NCEP/GEFS/Global_1p0deg_Ensemble/member_analysis/.*grib2$"
                    dateFormatMark="#GEFS_Global_1p0deg_Ensemble_ana_#yyyyMMdd_HHmm"
                    timePartition="file"
                    olderThan="5 min"/>
        <tdm rewrite="test" rescan="0 0/15 * * * ? *" />
      </featureCollection>

      <featureCollection name="GEFS Members - Forecasts" featureType="GRIB2" harvest="true"
                         path="grib/NCEP/GEFS/Global_1p0deg_Ensemble/members">
        <metadata inherited="true">
          <documentation type="summary">
            Ensemble members.
          </documentation>
        </metadata>

        <collection name="GEFS-Global_1p0deg_Ensemble-members"
                    spec="/data/ldm/pub/native/grid/NCEP/GEFS/Global_1p0deg_Ensemble/member/.*grib2$"
                    dateFormatMark="#GEFS_Global_1p0deg_Ensemble_#yyyyMMdd_HHmm"
                    timePartition="file"
                    olderThan="5 min"/>
        <tdm rewrite="test" rescan="0 0/15 * * * ? *" />
      </featureCollection>

      <featureCollection name="GEFS Derived Forecast Products" featureType="GRIB2" harvest="true"
                         path="grib/NCEP/GEFS/Global_1p0deg_Ensemble/derived">
        <metadata inherited="true">
          <documentation type="summary">
            Ensemble derived products: mean, spread, and probabilities.
          </documentation>
        </metadata>

        <collection name="GEFS-Global_1p0deg_Ensemble-derived_products"
                    spec="/data/ldm/pub/native/grid/NCEP/GEFS/Global_1p0deg_Ensemble/derived/.*grib2$"
                    dateFormatMark="#GEFS_Global_1p0deg_Ensemble_derived_#yyyyMMdd_HHmm"
                    timePartition="file"
                    olderThan="5 min"/>
        <tdm rewrite="test" rescan="0 0/15 * * * ? *" />
      </featureCollection>

    </dataset>
    <dataset name="Global Forecast System (GFS)">

      <metadata inherited="true">
        <documentation type="summary">NCEP Global Forecast System Model, previously called AVN/MRF (Medium Range Forecast)</documentation>
        <documentation xlink:href="http://meted.ucar.edu/nwp/pcu2/avintro.htm"
                       xlink:title="COMET MetEd (Meteorology Education and Training) documentation"/>
        <documentation xlink:href="http://www.nco.ncep.noaa.gov/pmb/products/gfs/"
                       xlink:title="NCEP Model Notes"/>
      </metadata>

      <dataset name="GFS Half Degree - Global Coverage">
          <metadata inherited="true">
            <documentation type="summary">NCEP GFS Model : AWIPS 230 (G) Grid. Global Lat/Lon grid.
              Model runs at 0, 6, 12, and 18Z.
              Horizontal= 361 by 720 points, resolution 0.5 degree, Lat/Lon projection.
              Vertical= 1000 to 100 hPa mandatory pressure levels (10 levels); surface, height above ground, pressure layers.
            </documentation>
          </metadata>
        <featureCollection name="GFS Half Degree Analysis" featureType="GRIB2" harvest="true"
                           path="grib/NCEP/GFS/Global_0p5deg_ana">
          <metadata inherited="true">
            <documentation type="summary">Analysis grids only.</documentation>
          </metadata>

          <collection name="GFS-Global_0p5deg_ana"
                      spec="/data/ldm/pub/native/grid/NCEP/GFS/Global_0p5deg_ana/.*grib2$"
                      timePartition="file"
                      dateFormatMark="#GFS_Global_0p5deg_ana_#yyyyMMdd_HHmm"
                      olderThan="5 min"/>
          <tdm rewrite="test" rescan="0 5,20,35,50 * * * ? *" />
        </featureCollection>

        <featureCollection name="GFS Half Degree Forecast" featureType="GRIB2" harvest="true"
                           path="grib/NCEP/GFS/Global_0p5deg">
          <metadata inherited="true">
            <documentation type="summary">Forecasts grids starting from the 0 hour forecast every 3 hours out to 10 days,
              then 12 hour forecasts for days 10-16.
            </documentation>
          </metadata>

          <collection name="GFS-Global_0p5deg"
                      spec="/data/ldm/pub/native/grid/NCEP/GFS/Global_0p5deg/.*grib2$"
                      timePartition="file"
                      dateFormatMark="#GFS_Global_0p5deg_#yyyyMMdd_HHmm"
                      olderThan="5 min"/>
          <tdm rewrite="test" rescan="0 5,20,35,50 * * * ? *" />
        </featureCollection>
      </dataset>

      <dataset name="GFS One Degree - Global Coverage">
          <metadata inherited="true">
            <documentation type="summary">NCEP GFS Model : AWIPS 229 (F) Grid. Global Lat/Lon grid.
              Model runs are made at 0, 6, 12, and 18Z.
              Horizontal = 181 by 360 points, resolution 1 degree, Lat/Lon projection.
              Vertical = 1000 to 100 hPa mandatory pressure levels (10 levels); surface, height above ground, pressure
              layers.
            </documentation>
          </metadata>
        <featureCollection name="GFS One Degree Analysis" featureType="GRIB2" harvest="true"
                           path="grib/NCEP/GFS/Global_onedeg_ana">
          <metadata inherited="true">
            <documentation type="summary">Analysis grids only.</documentation>
          </metadata>

          <collection name="GFS-Global_onedeg_ana"
                      spec="/data/ldm/pub/native/grid/NCEP/GFS/Global_onedeg_ana/.*grib2$"
                      dateFormatMark="#GFS_Global_onedeg_ana_#yyyyMMdd_HHmm"
                      timePartition="file"
                      olderThan="5 min"/>
          <tdm rewrite="test" rescan="0 5,20,35,50 * * * ? *" />
        </featureCollection>

        <featureCollection name="GFS One Degree Forecast" featureType="GRIB2" harvest="true"
                           path="grib/NCEP/GFS/Global_onedeg">
          <metadata inherited="true">
            <documentation type="summary">Forecasts grids starting from the 0 hour forecast every 3 hours out to
            192 hours (8 days).
            </documentation>
          </metadata>

          <collection name="GFS-Global_onedeg"
                      spec="/data/ldm/pub/native/grid/NCEP/GFS/Global_onedeg/.*grib2$"
                      dateFormatMark="#GFS_Global_onedeg_#yyyyMMdd_HHmm"
                      timePartition="file"
                      olderThan="5 min"/>
          <tdm rewrite="test" rescan="0 5,20,35,50 * * * ? *" />
        </featureCollection>
      </dataset>

      <featureCollection name="GFS Global 2.5 Degree" featureType="GRIB2" harvest="true" path="grib/NCEP/GFS/Global_2p5deg">
        <metadata inherited="true">
          <documentation type="summary">NCEP GFS Model : AWIPS 228 (A) Grid. Global Lat/Lon grid.
            Model runs every 12 hours from 204 to 384 hours (8 to 16 days).
            Horizontal= 73 by 144 points, resolution 2.5 degree, Lat/Lon projection.
            Vertical = 1000 to 100 hPa mandatory pressure levels (10 levels); surface, height above ground, pressure layers.
          </documentation>
        </metadata>

        <collection name="GFS-Global_2p5deg"
                    spec="/data/ldm/pub/native/grid/NCEP/GFS/Global_2p5deg/.*grib2$"
                    dateFormatMark="#GFS_Global_2p5deg_#yyyyMMdd_HHmm"
                    timePartition="file"
                    olderThan="5 min"/>
        <tdm rewrite="test" rescan="0 5,20,35,50 * * * ? *" />
      </featureCollection>

      <featureCollection name="GFS Northern Hemisphere 381km" featureType="GRIB2" harvest="true"
                         path="grib/NCEP/GFS/N_Hemisphere_381km">
        <metadata inherited="true">
          <documentation type="summary">NCEP GFS Model : AWIPS 201 (A) Grid. Northern Hemisphere (polar stereographic).
            Model runs are made at 0, 6, 12, and 18Z, with analysis and forecasts every 6 hours out 10 days.
            Horizontal = 65 by 65 points, resolution 381.0 km, Polar Stereographic projection.
            Vertical = 1000 to 100 hPa mandatory pressure levels (10 levels); surface, height above ground, pressure
            layers.
          </documentation>
        </metadata>

        <collection name="GFS-N_Hemisphere_381km"
            spec="/data/ldm/pub/native/grid/NCEP/GFS/N_Hemisphere_381km_grib2/.*grib2$"
            dateFormatMark="#GFS_N_Hemisphere_381km_#yyyyMMdd_HHmm"
            timePartition="file"
            olderThan="5 min"/>
        <tdm rewrite="test" rescan="0 5,20,35,50 * * * ? *" />
      </featureCollection>

      <featureCollection name="GFS Pacific 40km" featureType="GRIB2" harvest="true" path="grib/NCEP/GFS/Pacific_40km">
        <metadata inherited="true">
          <documentation type="summary">NCEP GFS Model : Mercator Grid over most of the Pacific. longitude 110 W to 110 E.
            Model runs are made at 0, 6, 12, and 18Z, with analysis and forecasts every 6 hours out 10 days.
            Horizontal = 300 by 369 points, resolution 40 km, Mercator projection.
            Vertical = 1000 to 100 hPa mandatory pressure levels (29 levels); surface, height above ground, pressure
            layers.
          </documentation>
        </metadata>

        <collection name="GFS-Pacific_40km"
            spec="/data/ldm/pub/native/grid/NCEP/GFS/Pacific_40km/.*grib2$"
            dateFormatMark="#GFS_Pacific_40km_#yyyyMMdd_HHmm"
            timePartition="file"
            olderThan="5 min"/>
        <tdm rewrite="test" rescan="0 5,20,35,50 * * * ? *" />
      </featureCollection>

      <featureCollection name="GFS Puerto Rico Half Degree" featureType="GRIB2" harvest="true"
                         path="grib/NCEP/GFS/Puerto_Rico_0p5deg">
        <metadata inherited="true">
          <documentation type="summary">NCEP GFS Model : Puerto_Rico 0.5 degree Lat/Lon grid.
            Model runs are made at 0, 6, 12, 18 hours out to 10 days.
            Horizontal = 102 by 107 points, resolution .5 degree, Lat/Lon projection.
            Vertical = 1000 to 100 hPa mandatory pressure levels (29 levels); surface, height above ground, pressure
            layers.
          </documentation>
        </metadata>

        <collection  name="GFS-Puerto_Rico_0p5deg"
            spec="/data/ldm/pub/native/grid/NCEP/GFS/Puerto_Rico_0p5deg/.*grib2$"
            timePartition="file"
            dateFormatMark="#GFS_Puerto_Rico_0p5deg_#yyyyMMdd_HHmm"
            olderThan="5 min"/>
        <tdm rewrite="test" rescan="0 5,20,35,50 * * * ? *" />
      </featureCollection>

      <featureCollection name="GFS CONUS 80km" featureType="GRIB1" harvest="true" path="grib/NCEP/GFS/CONUS_80km">
        <dataFormat>GRIB-1</dataFormat>
        <metadata inherited="true">
          <documentation type="summary">NCEP GFS Model : AWIPS 211 (Q) Grid. Regional - CONUS (Lambert Conformal).
            Model runs are made at 0, 6, 12, and 18Z, with analysis and forecasts every 6 hours out 10 days.
            Horizontal = 93 by 65 points, resolution 81.27 km, LambertConformal projection.
            Vertical = 1000 to 100 hPa pressure levels (29 levels); surface, height above ground, pressure layers.
          </documentation>
        </metadata>

        <collection name="GFS-CONUS_80km"
                    spec="/data/ldm/pub/native/grid/NCEP/GFS/CONUS_80km/GFS_CONUS_80km_#yyyyMMdd_HHmm#.grib1"
                    timePartition="file"
                    olderThan="5 min"/>
        <tdm rewrite="test" rescan="0 5,20,35,50 * * * ? *" />
      </featureCollection>

      <featureCollection name="GFS CONUS 95km" featureType="GRIB2" harvest="true" path="grib/NCEP/GFS/CONUS_95km">
        <dataFormat>GRIB-2</dataFormat>
        <metadata inherited="true">
          <documentation type="summary">NCEP GFS Model : AWIPS 213 (H) Grid. National - CONUS - Double Resolution (polar
            stereographic).
            Model runs are made at 0, 6, 12, and 18Z, with analysis and forecasts every 6 hours out 4 days.
            Horizontal = 129 by 85 points, resolution 95.25 km, Polar Stereographic projection.
            Vertical = 1000 to 100 hPa mandatory pressure levels (10 levels); surface, height above ground, pressure
            layers.
          </documentation>
        </metadata>

        <collection name="GFS-CONUS_95km"
                    spec="/data/ldm/pub/native/grid/NCEP/GFS/CONUS_95km/GFS_CONUS_95km_#yyyyMMdd_HHmm#.grib2"
                    timePartition="file"
                    olderThan="5 min"/>
        <tdm rewrite="test" rescan="0 5,20,35,50 * * * ? *" />
      </featureCollection>
    
    </dataset>

    <dataset name="High Resolution Rapid Refresh (HRRR)">
      <metadata inherited="true">
        <serviceName>fullServices</serviceName>
        <authority>edu.ucar.unidata</authority>
        <dataType>GRID</dataType>
        <dataFormat>GRIB-2</dataFormat>
      </metadata>

      <dataset name="HRRR from NOAA/GSD">
        <catalogRef xlink:href="http://thredds-jumbo.unidata.ucar.edu/thredds/catalog/grib/HRRR/CONUS_3km/surface/catalog.xml"
                    xlink:title="GSD HRRR CONUS 3km surface" name=""
                    useRemoteCatalogService="false" />
        <catalogRef xlink:href="http://thredds-jumbo.unidata.ucar.edu/thredds/catalog/grib/HRRR/CONUS_3km/wrfprs/catalog.xml"
                    xlink:title="GSD HRRR CONUS 3km wrfprs" name=""
                    useRemoteCatalogService="false" />
      </dataset>

      <dataset name="HRRR from NCEP">
        <catalogRef xlink:href="http://thredds-jumbo.unidata.ucar.edu/thredds/catalog/grib/NCEP/HRRR/CONUS_2p5km_ANA/catalog.xml"
                    xlink:title="NCEP HRRR CONUS 2.5km Analysis" name=""
                    useRemoteCatalogService="false" />
        <catalogRef xlink:href="http://thredds-jumbo.unidata.ucar.edu/thredds/catalog/grib/NCEP/HRRR/CONUS_2p5km/catalog.xml"
                    xlink:title="NCEP HRRR CONUS 2.5km" name=""
                    useRemoteCatalogService="false" />
      </dataset>
    </dataset>

    <dataset name="North American Model (NAM)">

      <metadata inherited="true">
        <documentation type="summary">NCEP Nonhydrostatic Mesoscale Model (NMM) and Gridpoint Statistical Interpolation
          (GSI) analysis, running in the Weather Research and Forecasting (WRF) infrastructure.
        </documentation>
        <documentation xlink:href="http://meted.ucar.edu/nwp/pcu2/NAMWRFjun2006.htm"
                       xlink:title="COMET MetEd (Meteorology Education and Training) documentation"/>
        <documentation xlink:href="http://www.nco.ncep.noaa.gov/pmb/products/nam/"
                       xlink:title="NCEP NAM product inventory"/>
      </metadata>

      <featureCollection name="NAM Alaska 11km" featureType="GRIB2" harvest="true" path="grib/NCEP/NAM/Alaska_11km">
        <metadata inherited="true">
          <documentation type="summary">NCEP North American Model: AWIPS 242 (S) Grid over Alaska.
            Model runs are made at 0, 6, 12, 18Z with analysis and forecasts every 3 hours out to 84 hours (3.5 days).
            Horizontal = 553 by 425 points, resolution 11.25 km, Polar Stereographic projection.
            Vertical = 1000 to 100 hPa pressure levels.
          </documentation>
        </metadata>

        <collection name="NAM-Alaska_11km"
                    spec="/data/ldm/pub/native/grid/NCEP/NAM/Alaska_11km/.*grib2$"
                    timePartition="file"
                    dateFormatMark="#NAM_Alaska_11km_#yyyyMMdd_HHmm"
                    olderThan="5 min"/>
        <tdm rewrite="test" rescan="0 6,21,36,51 * * * ? *" />
        <gribConfig>
          <intvFilter excludeZero="true"/>
        </gribConfig>
      </featureCollection>

      <featureCollection name="NAM Alaska 22km" featureType="GRIB1" harvest="true" path="grib/NCEP/NAM/Alaska_22km">
        <metadata inherited="true">
          <dataFormat>GRIB-1</dataFormat>
          <documentation type="summary">NCEP North American Model: AWIPS 217 (Y) Grid over Alaska - Double Resolution.
            Model runs are made at 0 and 12Z, with analysis and forecasts every 3 hours out to 60 hours.
            Horizontal = 277 by 213 points, resolution 22.5 km, Polar Stereographic projection.
            Vertical = surface, height above ground, pressure layer (2D levels only)
          </documentation>
        </metadata>

        <collection name="NAM-Alaska_22km"
                    spec="/data/ldm/pub/native/grid/NCEP/NAM/Alaska_22km/NAM_Alaska_22km_#yyyyMMdd_HHmm#.grib1"
                    timePartition="file"
                    olderThan="5 min"/>
        <tdm rewrite="test" rescan="0 6,21,36,51 * * * ? *" />
      </featureCollection>

      <featureCollection name="NAM Alaska 45km from NOAAPORT" featureType="GRIB1" harvest="true"
                         path="grib/NCEP/NAM/Alaska_45km/noaaport">
        <metadata inherited="true">
          <dataFormat>GRIB-1</dataFormat>
          <documentation type="summary">NCEP North American Model : AWIPS 216 (V) grid over Alaska.
            Model runs are made at 0 and 12Z, with analysis and forecasts every 3 hours out to 60 hours.
            Horizontal = 139 by 107 points, resolution 45.0 km, Polar Stereographic projection.
            Vertical = 1000 to 50 hPa pressure levels.
          </documentation>
        </metadata>

        <collection name="NAM-Alaska_45km-noaaport"
            spec="/data/ldm/pub/native/grid/NCEP/NAM/Alaska_45km/noaaport/NAM_Alaska_45km_noaaport_#yyyyMMdd_HHmm#.grib1"
            timePartition="file"
            olderThan="5 min"/>
        <tdm rewrite="test" rescan="0 6,21,36,51 * * * ? *" />
      </featureCollection>

      <featureCollection name="NAM Alaska 45km from CONDUIT" featureType="GRIB2" harvest="true"
                         path="grib/NCEP/NAM/Alaska_45km/conduit">
        <metadata inherited="true">
          <documentation type="summary">NCEP North American Model : AWIPS 216 (V) grid over Alaska.
            Model runs are made at 00Z, 06Z, 12Z, and 18Z with analysis and forecasts every 3 hours out to 84 hours (3.5
            days).
            Horizontal = 139 by 107 points, resolution 45.0 km, Polar Stereographic projection.
            Vertical = 1000 to 50 hPa pressure levels.
          </documentation>
        </metadata>

        <collection name="NAM-Alaska_45km-conduit"
                    spec="/data/ldm/pub/native/grid/NCEP/NAM/Alaska_45km/conduit/.*grib2$"
                    dateFormatMark="#NAM_Alaska_45km_conduit_#yyyyMMdd_HHmm"
                    timePartition="file"
                    olderThan="5 min"/>
        <tdm rewrite="test" rescan="0 6,21,36,51 * * * ? *" />
        <gribConfig>
          <intvFilter excludeZero="true"/>
        </gribConfig>
      </featureCollection>

      <featureCollection name="NAM Alaska 95km" featureType="GRIB1" harvest="true" path="grib/NCEP/NAM/Alaska_95km">
        <metadata inherited="true">
          <dataFormat>GRIB-1</dataFormat>
          <documentation type="summary">NCEP North American Model : AWIPS 207 (N) Regional - Alaska.
            Model runs are made at 0 and 12Z, with analysis and forecasts every 6 hours out to 60 hours.
            Horizontal = 49 by 35 points, resolution 95.25 km, Stereographic projection.
            Vertical = 1000 to 100 hPa pressure levels.
          </documentation>
        </metadata>

        <collection name="NAM-Alaska_95km"
                    spec="/data/ldm/pub/native/grid/NCEP/NAM/Alaska_95km/NAM_Alaska_95km_#yyyyMMdd_HHmm#.grib1"
                    timePartition="file"
                    olderThan="5 min"/>
        <tdm rewrite="test" rescan="0 6,21,36,51 * * * ? *" />
      </featureCollection>

      <featureCollection name="NAM CONUS 12km from NOAAPORT" featureType="GRIB2" harvest="true"
                         path="grib/NCEP/NAM/CONUS_12km">
        <metadata inherited="true">
          <documentation type="summary">NCEP North American Model : AWIPS 218 (B) grid over the continental United
            States.
            Model runs are made at 06Z, 12Z, 18Z and 00Z, with analysis and forecasts every 3 hours out to 84 hours (3.5
            days).
            Horizontal = 614 by 428 points, resolution 12.19 km, LambertConformal projection.
            Vertical = 1000 to 100 hPa pressure levels (29).
          </documentation>
        </metadata>

        <collection name="NAM-CONUS_12km-noaaport"
                    spec="/data/ldm/pub/native/grid/NCEP/NAM/CONUS_12km/.*grib2$"
                    timePartition="file"
                    dateFormatMark="#NAM_CONUS_12km_#yyyyMMdd_HHmm"
                    olderThan="5 min"/>
        <tdm rewrite="test" rescan="0 6,21,36,51 * * * ? *" />
        <gribConfig>
          <intvFilter excludeZero="true"/>
          <intvFilter intvLength="3">
            <variable id="0-1-8"/>
            <variable id="0-1-10"/>
          </intvFilter>
        </gribConfig>
      </featureCollection>

      <featureCollection name="NAM CONUS 12km from CONDUIT" featureType="GRIB2" harvest="true"
                         path="grib/NCEP/NAM/CONUS_12km/conduit">
        <metadata inherited="true">
          <documentation type="summary">NCEP North American Model : AWIPS 218 (B) grid over the continental United States.
            Model runs are made at 06Z, 12Z, 18Z and 00Z, with analysis and forecasts every 3 hours out to 84 hours (3.5 days).
            Horizontal = 614 by 428 points, resolution 12.19 km, LambertConformal projection.
            Vertical = small number of mandatory pressure levels, lots of surface fields.
          </documentation>
        </metadata>

        <collection name="NAM-CONUS_12km-conduit"
            spec="/data/ldm/pub/native/grid/NCEP/NAM/CONUS_12km_conduit/.*grib2$"
            timePartition="file"
            dateFormatMark="#NAM_CONUS_12km_conduit_#yyyyMMdd_HHmm"
            olderThan="5 min"/>
        <tdm rewrite="test" rescan="0 6,21,36,51 * * * ? *" />
        <gribConfig>
          <intvFilter excludeZero="true"/>
          <intvFilter intvLength="3">
            <variable id="0-1-8"/>
            <variable id="0-1-10"/>
          </intvFilter>
        </gribConfig>
      </featureCollection>

      <featureCollection name="NAM CONUS 20km" featureType="GRIB1" harvest="true"
                         path="grib/NCEP/NAM/CONUS_20km/noaaport">
        <metadata inherited="true">
          <dataFormat>GRIB-1</dataFormat>
          <documentation type="summary">
            Model runs are made at 00Z, and 12Z with analysis and forecasts every 3 hours out to 60 hours; and at 06Z,
            and 18Z with analysis and forecasts every 3 hours out to 48 hours.
            Vertical = surface, height above ground, and 1000 to 30 hPa pressure levels.
          </documentation>
        </metadata>

        <collection name="NAM-CONUS_20km-noaaport"
            spec="/data/ldm/pub/native/grid/NCEP/NAM/CONUS_20km/noaaport/NAM_CONUS_20km_noaaport_#yyyyMMdd_HHmm#.grib1"
            timePartition="file"
            olderThan="5 min"/>
        <tdm rewrite="test" rescan="0 6,21,36,51 * * * ? *" />
        <gribConfig>
          <intvFilter excludeZero="true"/>
          <intvFilter intvLength="3">
            <variable id="7-0-2-60"/>
            <variable id="7-0-2-61"/>
            <variable id="7-0-2-63"/>
            <variable id="7-0-2-66"/>
            <variable id="7-0-2-193"/>
            <variable id="7-0-2-194"/>
            <variable id="7-0-2-195"/>
          </intvFilter>
        </gribConfig>
      </featureCollection>

      <featureCollection name="NAM CONUS 40km" featureType="GRIB2" harvest="true"
                         path="grib/NCEP/NAM/CONUS_40km/conduit">
        <metadata inherited="true">
          <documentation type="summary">
            NCEP North American Model : AWIPS 212 (R) Regional - CONUS - Double Resolution.
            Horizontal = 185 by 129 points, resolution 40.63 km; LambertConformal projection.
            Vertical = surface, 1000 to 50 hPa pressure levels, layers, and depth.
            Model runs are made at 00Z, 06Z, 12Z, and 18Z and have analysis and forecasts every 3 hours out to 84 hours.
          </documentation>
        </metadata>

        <collection name="NAM-CONUS_40km-conduit"
                    spec="/data/ldm/pub/native/grid/NCEP/NAM/CONUS_40km/conduit/.*grib2$"
                    dateFormatMark="#NAM_CONUS_40km_conduit_#yyyyMMdd_HHmm"
                    timePartition="file"
                    olderThan="5 min"/>
        <tdm rewrite="test" rescan="0 6,21,36,51 * * * ? *" />
        <gribConfig>
          <intvFilter excludeZero="true"/>
          <intvFilter intvLength="3">
            <variable id="0-1-8"/>
            <variable id="0-1-10"/>
          </intvFilter>
        </gribConfig>
      </featureCollection>

      <featureCollection name="NAM CONUS 80km" featureType="GRIB1" harvest="true" path="grib/NCEP/NAM/CONUS_80km">
        <metadata inherited="true">
          <dataFormat>GRIB-1</dataFormat>
          <documentation type="summary">NCEP North American Model : AWIPS 211 (Q) Regional - CONUS (Lambert Conformal).
            Model runs are made at 12Z and 00Z, with analysis and forecasts every 6 hours out to 60 hours.
            Horizontal = 93 by 65 points, resolution 81.27 km, LambertConformal projection.
            Vertical = 1000 to 100 hPa pressure levels.
          </documentation>
        </metadata>

        <collection name="NAM-CONUS_80km"
                    spec="/data/ldm/pub/native/grid/NCEP/NAM/CONUS_80km/NAM_CONUS_80km_#yyyyMMdd_HHmm#.grib1"
                    timePartition="file"
                    olderThan="5 min"/>
        <tdm rewrite="test" rescan="0 6,21,36,51 * * * ? *" />
      </featureCollection>

      <featureCollection name="NAM Polar 90km" featureType="GRIB2" harvest="true" path="grib/NCEP/NAM/Polar_90km">
        <metadata inherited="true">
          <documentation type="summary">NCEP North American Model : AWIPS 105 Grid.
            Model runs are made at 0, 6, 12, and 18Z, with analysis and forecasts every 3 hours out to 84 hours.
            Horizontal = 147 by 110 points, resolution 90.75 km, Polar Stereographic projection.
            Vertical = 1000 to 50 hPa pressure levels.
          </documentation>
        </metadata>

        <collection name="NAM-Polar_90km"
                    spec="/data/ldm/pub/native/grid/NCEP/NAM/Polar_90km/.*grib2$"
                    dateFormatMark="#NAM_Polar_90km_#yyyyMMdd_HHmm"
                    timePartition="file"
                    olderThan="5 min"/>
        <tdm rewrite="test" rescan="0 6,21,36,51 * * * ? *" />
        <gribConfig>
          <intvFilter excludeZero="true"/>
        </gribConfig>
      </featureCollection>

      <featureCollection name="NAM Fireweather Nested" featureType="GRIB2" harvest="true" path="grib/NCEP/NAM/Firewxnest">
        <metadata inherited="true">
          <documentation type="summary">The FWIS runs are high resolution
            innermost nests of the new NAM that are placeable within either the 4 km
            CONUS or 6 km Alaska nests that run each cycle at 00z, 06z, 12z and 18z, with forecasts to 36 hours.
            If it is placed inside the CONUS, then it runs with a 1.33 km
            horizontal spacing using a 375x375x60 grid. If it is placed inside Alaska, then it
            runs with a 1.5 km horizontal spacing using a 333x333x60 grid. FWIS runs on a
            rotated lat-long grid and uses a B-grid stagger of variables. The vertical
            coordinate and resolution are identical to NAM and its nests – i.e. sigma-pressure
            hybrid with a top at 2 mb.
            For FWIS inside CONUS, all output fields are mapped to a 1.27 km Lambert conic conformal grid whose size
            varies to encompass as completely as possible the
            FWIS computational domain. For FWIS inside Alaska, all output fields are mapped
            to a 1.48825 km polar-stereographic grid whose size varies to encompass as
            completely as possible the FWIS computational domain.
          </documentation>
          <documentation xlink:href="http://www.emc.ncep.noaa.gov/mmb/mmbpll/firewx/"
                         xlink:title="NCEP NAM Fire weather product inventory"/>
        </metadata>

        <collection name="NAM-Firewxnest"
                    spec="/data/ldm/pub/native/grid/NCEP/NAM/Firewxnest/.*grib2$"
                    dateFormatMark="#NAM_Firewxnest_#yyyyMMdd_HHmm"
                    timePartition="file"
                    olderThan="5 min"/>
        <tdm rewrite="test" rescan="0 6,21,36,51 * * * ? *" />
        <gribConfig>
          <intvFilter excludeZero="true"/>
        </gribConfig>
      </featureCollection>

    </dataset>

    <dataset name="Rapid Refresh (RAP)">
      <metadata inherited="true">
        <documentation type="summary">NCEP Rapid Refresh (RR / RAP)) Model: frequently updated short-range weather
          forecasts. Replaced the Rapid Update Cycle (RUC/RUC2) on 05 May 2012 12Z.
          Model runs are made hourly, with analysis and hourly forecasts out to 3 hours; on the 0, 3, 6, 9, 12, 15,
          18, and 21Z runs, the hourly forecasts go out to 12 hours
        </documentation>
        <documentation xlink:href="http://rapidrefresh.noaa.gov/"
                       xlink:title="Earth System Research Laboratory (ESRL)"/>
      </metadata>

      <featureCollection name="Rapid Refresh CONUS 13km" featureType="GRIB2" harvest="true" path="grib/NCEP/RAP/CONUS_13km">
        <metadata inherited="true">
          <documentation type="summary">
            Horizontal = 337 by 451 points, resolution 13.55 km, LambertConformal projection.
          </documentation>
        </metadata>

        <collection name="RAP-CONUS_13km"
            spec="/data/ldm/pub/native/grid/NCEP/RR/CONUS_13km/.*grib2$"
            dateFormatMark="#RR_CONUS_13km_#yyyyMMdd_HHmm"
            timePartition="file"
            olderThan="5 min"/>
        <tdm rewrite="test" rescan="0 0/15 * * * ? *" />
        <gribConfig>
          <intvFilter excludeZero="true"/>
          <intvFilter intvLength="1">
            <variable id="0-1-9"/>
            <variable id="0-1-10"/>
          </intvFilter>
        </gribConfig>
      </featureCollection>

      <featureCollection name="Rapid Refresh CONUS 20km" featureType="GRIB2" harvest="true"
                         path="grib/NCEP/RAP/CONUS_20km">
        <metadata inherited="true">
          <documentation type="summary">
            Horizontal = 301 by 225 points, resolution 20.31 km, Lambert Conformal projection.
          </documentation>
        </metadata>

        <collection name="RAP-CONUS_20km"
            spec="/data/ldm/pub/native/grid/NCEP/RR/CONUS_20km/.*grib2$"
            dateFormatMark="#RR_CONUS_20km_#yyyyMMdd_HHmm"
            timePartition="file"
            olderThan="5 min"/>
        <tdm rewrite="test" rescan="0 5,20,35,50 * * * ? *" />
        <gribConfig>
          <intvFilter excludeZero="true"/>
          <intvFilter intvLength="1">
            <variable id="0-1-9"/>
            <variable id="0-1-10"/>
          </intvFilter>
        </gribConfig>
      </featureCollection>

      <featureCollection name="Rapid Refresh CONUS 40km" featureType="GRIB2" harvest="true" path="grib/NCEP/RAP/CONUS_40km">
        <metadata inherited="true">
          <dataFormat>GRIB-2</dataFormat>
          <documentation type="summary">
            Horizontal = 151 by 113 points, resolution 40.63 km, LambertConformal projection.
          </documentation>
        </metadata>

        <collection  name="RAP-CONUS_40km"
            spec="/data/ldm/pub/native/grid/NCEP/RR/CONUS_40km/.*grib2$"
            dateFormatMark="#RR_CONUS_40km_#yyyyMMdd_HHmm"
            timePartition="file"
            olderThan="5 min"/>
        <tdm rewrite="test" rescan="0 9,24,39,53 * * * ? *" />
        <gribConfig>
          <intvFilter excludeZero="true"/>
          <intvFilter intvLength="1">
            <variable id="0-1-9"/>
            <variable id="0-1-10"/>
          </intvFilter>
        </gribConfig>
      </featureCollection>
    </dataset>

    <dataset name="Short Range Ensemble Forecasting (SREF)">
      <metadata inherited="true">
        <documentation type="summary">NCEP Short Range Ensemble Forecast (SREF)</documentation>
        <documentation xlink:href="http://w1.spc.woc.noaa.gov/exper/sref/" xlink:title="NCEP/SREF Website"/>
      </metadata>

      <featureCollection name="SREF CONUS 40km Ensemble Derived Products" featureType="GRIB2" harvest="true"
                         path="grib/NCEP/SREF/CONUS_40km/ensprod">
        <metadata inherited="true">
          <documentation type="summary">
            NCEP Short Range Ensemble Forecast (SREF) 40km derived products: mean, spread, and probability,
            over CONUS with 185 by 129 points, resolution 40 km.
            Models are run daily at 3,9,15,and 21Z. Forecasts every 3 hours from 3 to 87 hours.
          </documentation>
        </metadata>

        <collection name="SREF-CONUS_40km_Ensemble-derived_products"
                    spec="/data/ldm/pub/native/grid/NCEP/SREF/CONUS_40km/ensprod/.*grib2$"
                    dateFormatMark="#SREF_CONUS_40km_ensprod_#yyyyMMdd_HHmm"
                    timePartition="file"
                    olderThan="5 min"/>
        <tdm rewrite="test" rescan="0 2,17,32,47 * * * ? *" />
        <gribConfig>
          <intvFilter intvLength="12">
            <variable id="0-1-8" prob="50800"/>
          </intvFilter>
          <intvFilter intvLength="3">
            <variable id="0-1-8"/>
          </intvFilter>
        </gribConfig>

      </featureCollection>

      <featureCollection name="SREF CONUS 40km Ensemble Derived Products (Bias Corrected)" featureType="GRIB2"
                         harvest="true"
                         path="grib/NCEP/SREF/CONUS_40km/ensprod_biasc">
        <metadata inherited="true">
          <documentation type="summary">
            NCEP Short Range Ensemble Forecast (SREF) 40km derived products: bias-corrected mean, spread, and
            probability,
            over CONUS with 185 by 129 points, resolution 40 km.
            Models are run daily at 3,9,15,and 21Z. Forecasts every 3 hours from 3 to 87 hours.
          </documentation>
        </metadata>

        <collection name="SREF-CONUS_40km_biasCorrected_Ensemble-derived_products"
                    spec="/data/ldm/pub/native/grid/NCEP/SREF/CONUS_40km/ensprod_biasc/.*grib2$"
                    dateFormatMark="#SREF_CONUS_40km_ensprod_biasc_#yyyyMMdd_HHmm"
                    timePartition="file"
                    olderThan="5 min"/>
        <tdm rewrite="test" rescan="0 2,17,32,47 * * * ? *" />
      </featureCollection>

      <featureCollection name="SREF Alaska 45km Ensemble Derived Products" featureType="GRIB2" harvest="true"
                         path="grib/NCEP/SREF/Alaska_45km/ensprod">
        <metadata inherited="true">
          <documentation type="summary">
            NCEP SREF Alaska 45km derived products:mean, spread, and probability.
          </documentation>
        </metadata>

        <collection name="SREF Alaska 45km Ensemble Derived Products"
                    spec="/data/ldm/pub/native/grid/NCEP/SREF/Alaska_45km/ensprod/.*grib2$"
                    dateFormatMark="#SREF_Alaska_45km_ensprod_#yyyyMMdd_HHmm"
                    timePartition="file"
                    olderThan="5 min"/>
        <tdm rewrite="test" rescan="0 2,17,32,47 * * * ? *" />
        <gribConfig>
          <intvFilter intvLength="3">
            <variable id="0-1-8"/>
          </intvFilter>
        </gribConfig>
      </featureCollection>

      <featureCollection name="SREF Pacific North East 0.4 Degree Ensemble Derived Products" featureType="GRIB2" harvest="true"
                         path="grib/NCEP/SREF/PacificNE_0p4/ensprod">
        <metadata inherited="true">
          <documentation type="summary">
            NCEP SREF Pacific NE 0.4 degree derived products:mean, spread, and probability.
          </documentation>
        </metadata>

        <collection name="SREF Pacific North East 0.4 Degree Ensemble Derived Products"
                    spec="/data/ldm/pub/native/grid/NCEP/SREF/PacificNE_0p4/ensprod/.*grib2$"
                    dateFormatMark="#SREF_PacificNE_0p4_ensprod_#yyyyMMdd_HHmm"
                    timePartition="file"
                    olderThan="5 min"/>
        <tdm rewrite="test" rescan="0 2,17,32,47 * * * ? *" />
        <gribConfig>
          <intvFilter intvLength="3">
            <variable id="0-1-8"/>
          </intvFilter>
        </gribConfig>
      </featureCollection>

    </dataset>

    <dataset name="Wave Watch III (WW3)">
      <metadata inherited="true">
        <documentation type="summary">NCEP Wave Watch III (WW3): US National Weather Service gridded forecasts of
          sensible weather elements.
        </documentation>
        <documentation xlink:href="http://polar.ncep.noaa.gov/waves/products.shtml" xlink:title="NWS/WW3 Website"/>
      </metadata>

      <featureCollection name="Wave Watch III Global" featureType="GRIB2" harvest="true" path="grib/NCEP/WW3/Global">
        <metadata inherited="true">
          <documentation type="summary">
            720 by 336 points, resolution 30 minute. Models are run daily at 0Z, 6Z, 12Z and 18Z.
            Forecasts every 3 hours from 0 to 72, every 6 hours from 72 to 180 hours.
          </documentation>
        </metadata>

        <collection name="WW3-Global"
                    spec="/data/ldm/pub/native/grid/NCEP/WW3/Global/.*grib2$"
                    dateFormatMark="#WW3_Global_#yyyyMMdd_HHmm"
                    timePartition="file"
                    olderThan="5 min"/>
        <tdm rewrite="test" rescan="0 2,17,32,47 * * * ? *" />
      </featureCollection>

      <featureCollection name="Wave Watch III Regional Alaska" featureType="GRIB2" harvest="true"
                         path="grib/NCEP/WW3/Regional_Alaska">
        <metadata inherited="true">
          <documentation type="summary">
            401 by 187 points, resolution 10 minute. Models are run daily at 0Z, 6Z, 12Z and 18Z.
            Forecasts every 3 hours from 0 to 72, every 6 hours from 72 to 180 hours.
          </documentation>
        </metadata>

        <collection name="WW3-Regional_Alaska"
                    spec="/data/ldm/pub/native/grid/NCEP/WW3/Regional_Alaska/.*grib2$"
                    dateFormatMark="#WW3_Regional_Alaska_#yyyyMMdd_HHmm"
                    timePartition="file"
                    olderThan="5 min"/>
        <tdm rewrite="test" rescan="0 2,17,32,47 * * * ? *" />
      </featureCollection>

      <featureCollection name="Wave Watch III Coastal Alaska" featureType="GRIB2" harvest="true"
                         path="grib/NCEP/WW3/Coastal_Alaska">
        <metadata inherited="true">
          <documentation type="summary">
            548 by 391 points, resolution 4 minute. Models are run daily at 0Z, 6Z, 12Z and 18Z.
            Forecasts every 3 hours from 0 to 72, every 6 hours from 72 to 180 hours.
          </documentation>
        </metadata>

        <collection name="WW3-Coastal_Alaska"
                    spec="/data/ldm/pub/native/grid/NCEP/WW3/Coastal_Alaska/.*grib2$"
                    dateFormatMark="#WW3_Coastal_Alaska_#yyyyMMdd_HHmm"
                    timePartition="file"
                    olderThan="5 min"/>
        <tdm rewrite="test" rescan="0 2,17,32,47 * * * ? *" />
      </featureCollection>

      <featureCollection name="Wave Watch III Regional Eastern Pacific" featureType="GRIB2" harvest="true"
                         path="grib/NCEP/WW3/Regional_Eastern_Pacific">
        <metadata inherited="true">
          <documentation type="summary">
            511 by 301 points, resolution 10 minute. Models are run daily at 0Z, 6Z, 12Z and 18Z.
            Forecasts every 3 hours from 0 to 72, every 6 hours from 72 to 180 hours.
          </documentation>
        </metadata>

        <collection name="WW3-Regional_Eastern_Pacific"
                    spec="/data/ldm/pub/native/grid/NCEP/WW3/Regional_Eastern_Pacific/.*grib2$"
                    dateFormatMark="#WW3_Regional_Eastern_Pacific_#yyyyMMdd_HHmm"
                    timePartition="file"
                    olderThan="5 min"/>
        <tdm rewrite="test" rescan="0 2,17,32,47 * * * ? *" />
      </featureCollection>

      <featureCollection name="Wave Watch III Regional US East Coast" featureType="GRIB2" harvest="true"
                         path="grib/NCEP/WW3/Regional_US_East_Coast">
        <metadata inherited="true">
          <documentation type="summary">
            301 by 331 points, resolution 10 minute. Models are run daily at 0Z, 6Z, 12Z and 18Z.
            Forecasts every 3 hours from 0 to 72, every 6 hours from 72 to 180 hours.
          </documentation>
        </metadata>

        <collection name="WW3-Regional_US_East_Coast"
                    spec="/data/ldm/pub/native/grid/NCEP/WW3/Regional_US_East_Coast/.*grib2$"
                    dateFormatMark="#WW3_Regional_US_East_Coast_#yyyyMMdd_HHmm"
                    timePartition="file"
                    olderThan="5 min"/>
        <tdm rewrite="test" rescan="0 2,17,32,47 * * * ? *" />
      </featureCollection>

      <featureCollection name="Wave Watch III Regional US West Coast" featureType="GRIB2" harvest="true"
                         path="grib/NCEP/WW3/Regional_US_West_Coast">
        <metadata inherited="true">
          <documentation type="summary">
            241 by 151 points, resolution 10 minute. Models are run daily at 0Z, 6Z, 12Z and 18Z.
            Forecasts every 3 hours from 0 to 72, every 6 hours from 72 to 180 hours.
          </documentation>
        </metadata>

        <collection name="WW3-Regional_US_West_Coast"
                    spec="/data/ldm/pub/native/grid/NCEP/WW3/Regional_US_West_Coast/.*grib2$"
                    dateFormatMark="#WW3_Regional_US_West_Coast_#yyyyMMdd_HHmm"
                    timePartition="file"
                    olderThan="5 min"/>
        <tdm rewrite="test" rescan="0 2,17,32,47 * * * ? *" />
      </featureCollection>

      <featureCollection name="Wave Watch III Coastal US East Coast" featureType="GRIB2" harvest="true"
                         path="grib/NCEP/WW3/Coastal_US_East_Coast">
        <metadata inherited="true">
          <documentation type="summary">
            586 by 481 points, resolution 4 minute. Models are run daily at 0Z, 6Z, 12Z and 18Z.
            Forecasts every 3 hours from 0 to 72, every 6 hours from 72 to 180 hours.
          </documentation>
        </metadata>

        <collection name="WW3-Coastal_US_East_Coast"
                    spec="/data/ldm/pub/native/grid/NCEP/WW3/Coastal_US_East_Coast/.*grib2$"
                    dateFormatMark="#WW3_Coastal_US_East_Coast_#yyyyMMdd_HHmm"
                    timePartition="file"
                    olderThan="5 min"/>
        <tdm rewrite="test" rescan="0 2,17,32,47 * * * ? *" />
      </featureCollection>

      <featureCollection name="Wave Watch III Coastal US West Coast" featureType="GRIB2" harvest="true"
                         path="grib/NCEP/WW3/Coastal_US_West_Coast">
        <metadata inherited="true">
          <documentation type="summary">
            736 by 526 points, resolution 4 minute. Models are run daily at 0Z, 6Z, 12Z and 18Z.
            Forecasts every 3 hours from 0 to 72, every 6 hours from 72 to 180 hours.
          </documentation>
        </metadata>

        <collection name="WW3-Coastal_US_West_Coast"
                    spec="/data/ldm/pub/native/grid/NCEP/WW3/Coastal_US_West_Coast/.*grib2$"
                    dateFormatMark="#WW3_Coastal_US_West_Coast_#yyyyMMdd_HHmm"
                    timePartition="file"
                    olderThan="5 min"/>
        <tdm rewrite="test" rescan="0 2,17,32,47 * * * ? *" />
      </featureCollection>

    </dataset>

  </dataset> <!-- end of NCEP Analysis and Forecast Models -->

  <dataset name="FNMOC Forecast Models">

    <metadata inherited="true">
      <serviceName>fullServices</serviceName>
      <authority>edu.ucar.unidata</authority>
      <dataType>Grid</dataType>
      <dataFormat>GRIB-1</dataFormat>
      <documentation xlink:href="http://www.usno.navy.mil/FNMOC/"
                     xlink:title="FNMOC Home page"/>
      <documentation type="rights">Freely available</documentation>
      <documentation type="processing_level">Transmitted through Unidata Internet Data Distribution.</documentation>
      <documentation type="processing_level">Read by CDM Grib Collection.</documentation>

      <creator>
        <name vocabulary="DIF">Fleet Numerical Meteorology and Oceanography Center(FNMOC)
        </name>
        <contact url="http://gcmd.nasa.gov/Aboutus/software_docs/help_guide.html" email="http://gcmd.nasa.gov/MailComments/MailComments.jsf?rcpt=gcmduso"/>
      </creator>
      <publisher>
        <name vocabulary="ADN">University Corporation for Atmospheric Research (UCAR)/Unidata</name>
        <contact url="http://www.unidata.ucar.edu/" email="support@unidata.ucar.edu"/>
      </publisher>
      <timeCoverage>
        <end>present</end>
        <duration>45 days</duration>
      </timeCoverage>
    </metadata>

    <dataset name=" NAVy Global Environmental Model (NAVGEM) Model">
      <!--metadata inherited="true">
        <documentation xlink:href="http://www.nrlmry.navy.mil/nogaps_his.htm"
                       xlink:title="NOGAPS home page"/>
      </metadata-->

      <featureCollection name="FNMOC NAVGEM Global 0.5 Degree" featureType="GRIB1" harvest="true" path="grib/FNMOC/NAVGEM/Global_0p5deg">
        <metadata inherited="true">
          <documentation type="summary">FNMOC NAVGEM Global_0p5deg Model : Global Lat/Lon grid.
            Model runs are made at 0, 6, 12, and 18Z, with analysis and forecasts every 3 hours out 66 hours.
            Horizontal = 361 by 720 points, resolution 0.5 degree, Lat/Lon projection.
            Vertical = 1013 to 4 hPa pressure levels (33 levels); surface, height above ground, pressure layers.
          </documentation>
        </metadata>

        <collection spec="/data/ldm/pub/native/grid/FNMOC/NAVGEM/Global_0p5deg/FNMOC_NAVGEM_Global_0p5deg_#yyyyMMdd_HHmm#.grib1"
                    name="FNMOC_NAVGEM_Global_0p5deg"
                    timePartition="file"
                    olderThan="5 min"/>
        <tdm rewrite="test" rescan="0 27 * * * ? *" />
      </featureCollection>

    </dataset>

    <dataset name="Wave Watch 3 (WW3) Model">
      <metadata inherited="true">
        <documentation xlink:href="https://www.fnmoc.navy.mil/ww3_cgi/index.html"
                       xlink:title="FNMOC WW3 documentation"/>
      </metadata>

      <featureCollection name="FNMOC WW3 Global 1.0 Degree" featureType="GRIB1" harvest="true" path="grib/FNMOC/WW3/Global_1p0deg">
        <metadata inherited="true">
          <documentation type="summary">FNMOC WW3 Global_1p0deg Model : Global Lat/Lon grid.
            Model runs are made at 0, and 12Z, with analysis and forecasts every 3 hours out 24 hours then every 6 hours out 180 hours.
            Horizontal= 181 by 360 points, resolution 1 degree, Lat/Lon projection.
          </documentation>
        </metadata>

        <collection spec="/data/ldm/pub/native/grid/FNMOC/WW3/Global_1p0deg/FNMOC_WW3_Global_1p0deg_#yyyyMMdd_HHmm#.grib1"
                    name="FNMOC_WW3_Global_1p0deg"
                    timePartition="file"
                    olderThan="5 min"/>
        <tdm rewrite="test" rescan="0 27 * * * ? *" />
      </featureCollection>

      <featureCollection name="FNMOC WW3 Europe" featureType="GRIB1" harvest="true" path="grib/FNMOC/WW3/Europe">
        <metadata inherited="true">
          <documentation type="summary">FNMOC WW3 Europe Model : Global Lat/Lon grid.
            Model runs are made at 0, and 12Z, with analysis and forecasts every 6 hours out 72 hours.
            Horizontal= 188 by 301 points, resolution .2 degree, Lat/Lon projection.
          </documentation>
        </metadata>
        <collection spec="/data/ldm/pub/native/grid/FNMOC/WW3/Europe/FNMOC_WW3_Europe_#yyyyMMdd_HHmm#.grib1"
                    name="FNMOC_WW3_Europe"
                    timePartition="file"
                    olderThan="5 min"/>
        <tdm rewrite="test" rescan="0 27 * * * ? *" />
      </featureCollection>
    </dataset>

    <dataset name="Forecast of Aerosol Radiative Optical Properties (FAROP) Model">
      <metadata inherited="true">
        <documentation xlink:href="http://www.bsc.es/wmo/files/Westphal_presentation.pdf"
                       xlink:title="FAROP documentation(pdf)"/>
      </metadata>

      <featureCollection name="FNMOC FAROP Global 1.0 Degree" featureType="GRIB1" harvest="true" path="grib/FNMOC/FAROP/Global_1p0deg">
        <metadata inherited="true">
          <documentation type="summary">FNMOC FAROP Global_1p0deg Model : Global Lat/Lon grid.
            Model runs are made at 0, 6, 12, and 18Z, with analysis and forecasts every 3 hours out 9 hours.
            Horizontal= 181 by 360 points, resolution 1 degree, Lat/Lon projection.
          </documentation>
        </metadata>

        <collection spec="/data/ldm/pub/native/grid/FNMOC/FAROP/Global_1p0deg/FNMOC_FAROP_Global_1p0deg_#yyyyMMdd_HHmm#.grib1"
                    name="FNMOC_FAROP_Global_1p0deg"
                    timePartition="file"
                    olderThan="5 min"/>
        <tdm rewrite="test" rescan="0 27 * * * ? *" />
      </featureCollection>

    </dataset>

    <dataset name="Coupled Ocean / Atmosphere Mesoscale Prediction System (COAMPS) Model">
      <metadata inherited="true">
        <documentation xlink:href="http://www.nrlmry.navy.mil/coamps-web/web/home"
                       xlink:title="COAMPS home page"/>
        <documentation xlink:href="http://gcmd.nasa.gov/records/COAMPS.html"
                       xlink:title="GCMD Notes"/>
      </metadata>

      <featureCollection name="FNMOC COAMPS Western Atlantic" featureType="GRIB1" harvest="true" path="grib/FNMOC/COAMPS/Western_Atlantic">
        <metadata inherited="true">
          <documentation type="summary">FNMOC COAMPS Western Atlantic Model : Global Lat/Lon grid.
            Model runs are made at 0 and 12Z, with analysis and forecasts every 3 hours out 72 hours.
            Horizontal= 176 by 191 points, resolution .2 degree, Lat/Lon projection.
          </documentation>
        </metadata>

        <collection spec="/data/ldm/pub/native/grid/FNMOC/COAMPS/Western_Atlantic/FNMOC_COAMPS_Western_Atlantic_#yyyyMMdd_HHmm#.grib1"
                    name="FNMOC_COAMPS_Western_Atlantic"
                    timePartition="file"
                    olderThan="5 min"/>
        <tdm rewrite="test" rescan="0 27 * * * ? *" />
      </featureCollection>

      <featureCollection name="FNMOC COAMPS Europe" featureType="GRIB1" harvest="true" path="grib/FNMOC/COAMPS/Europe">
        <metadata inherited="true">
          <documentation type="summary">FNMOC COAMPS Europe Model : Global Lat/Lon grid.
            Model runs are made at 0 and 12Z, with analysis and forecasts every 6 hours out 96 hours.
            Horizontal= 186 by 301 points, resolution .2 degree, Lat/Lon projection.
          </documentation>
        </metadata>

        <collection spec="/data/ldm/pub/native/grid/FNMOC/COAMPS/Europe/FNMOC_COAMPS_Europe_#yyyyMMdd_HHmm#.grib1"
                    name="FNMOC_COAMPS_Europe"
                    timePartition="file"
                    olderThan="5 min"/>
        <tdm rewrite="test" rescan="0 27 * * * ? *" />
      </featureCollection>

      <featureCollection name="FNMOC COAMPS Equatorial America" featureType="GRIB1" harvest="true" path="grib/FNMOC/COAMPS/Equatorial_America">
        <metadata inherited="true">
          <documentation type="summary">FNMOC COAMPS Equatorial America Model : Global Lat/Lon grid.
             Model runs are made at 0 and 12Z, with analysis and forecasts every 3 hours out 48 hours.
             Horizontal= 298 by 461 points, resolution 0.15 degree, Lat/Lon projection.
          </documentation>
        </metadata>

        <collection spec="/data/ldm/pub/native/grid/FNMOC/COAMPS/Equatorial_America/FNMOC_COAMPS_Equatorial_America_#yyyyMMdd_HHmm#.grib1"
                    name="FNMOC_COAMPS_Equatorial_America"
                    timePartition="file"
                    olderThan="5 min"/>
        <tdm rewrite="test" rescan="0 27 * * * ? *" />
      </featureCollection>

      <featureCollection name="FNMOC COAMPS Northeast Pacific" featureType="GRIB1" harvest="true" path="grib/FNMOC/COAMPS/Northeast_Pacific">
        <metadata inherited="true">
          <documentation type="summary">FNMOC COAMPS Northeastern Pacific Model : Global Lat/Lon grid.
            Model runs are made at 0 and 12Z, with analysis and forecasts every 3 hours out 48 hours.
            Horizontal= 156 by 271 points, resolution .2 degree, Lat/Lon projection.
          </documentation>
        </metadata>

        <collection spec="/data/ldm/pub/native/grid/FNMOC/COAMPS/Northeast_Pacific/FNMOC_COAMPS_Northeast_Pacific_#yyyyMMdd_HHmm#.grib1"
                    name="FNMOC_COAMPS_Northeast_Pacific"
                    timePartition="file"
                    olderThan="5 min"/>
        <tdm rewrite="test" rescan="0 27 * * * ? *" />
      </featureCollection>

      <featureCollection name="FNMOC COAMPS Southern California" featureType="GRIB1" harvest="true" path="grib/FNMOC/COAMPS/Southern_California">
        <metadata inherited="true">
          <documentation type="summary">FNMOC COAMPS Southern California Model : Global Lat/Lon grid.
            Model runs are made at 0 and 12Z, with analysis and forecasts every 3 hours out 48 hours.
            Horizontal= 141 by 128 points, resolution .15 degree, Lat/Lon projection.
          </documentation>
        </metadata>
        <collection spec="/data/ldm/pub/native/grid/FNMOC/COAMPS/Southern_California/FNMOC_COAMPS_Southern_California_#yyyyMMdd_HHmm#.grib1"
                    name="FNMOC_COAMPS_Southern_California"
                    timePartition="file"
                    olderThan="5 min"/>
        <tdm rewrite="test" rescan="0 27 * * * ? *" />
      </featureCollection>

    </dataset>

    <dataset name="Navy Coupled Ocean Data Assimilation (NCODA) Model">
      <metadata inherited="true">
        <documentation xlink:href="http://coastalmodeling.rsmas.miami.edu/Application/View/21/MQ=="
                       xlink:title="NCODA documentation"/>
      </metadata>

      <featureCollection name="FNMOC NCODA Global Ocean" featureType="GRIB1" harvest="true" path="grib/FNMOC/NCODA/Global_Ocean">
        <metadata inherited="true">
          <documentation type="summary">FNMOC NCODA Model : Global Lat/Lon grid.
            Model runs are made at 12Z, with analysis and forecasts at 0Z.
            Horizontal= 721 by 1440 points, resolution .25 degree, Lat/Lon projection.
          </documentation>
        </metadata>

        <collection spec="/data/ldm/pub/native/grid/FNMOC/NCODA/Global_Ocean/FNMOC_NCODA_Global_Ocean_#yyyyMMdd_HHmm#.grib1"
                    name="FNMOC_NCODA_Global_Ocean"
                    timePartition="file"
                    olderThan="5 min"/>
        <tdm rewrite="test" rescan="0 27 * * * ? *" />
      </featureCollection>

    </dataset>
  </dataset> <!-- end of FNMOC forecast models -->

</catalog>

