<?xml version="1.0" encoding="UTF-8"?>
<catalog xmlns="http://www.unidata.ucar.edu/namespaces/thredds/InvCatalog/v1.0"
         xmlns:xlink="http://www.w3.org/1999/xlink" name="Unidata THREDDS Data Server" version="1.0.6">

  <service name="latest" serviceType="Resolver" base=""/>

  <service name="all" serviceType="Compound" base="">
    <service name="ncdods" serviceType="OPENDAP" base="/thredds/dodsC/"/>
    <service name="HTTPServer" serviceType="HTTPServer" base="/thredds/fileServer/"/>
    <service name="wcs" serviceType="WCS" base="/thredds/wcs/"/>
    <service name="wms" serviceType="WMS" base="/thredds/wms/"/>
    <service name="ncss" serviceType="NetcdfSubset" base="/thredds/ncss/"/>
    <service name="cdmremote" serviceType="CdmRemote" base="/thredds/cdmremote/"/>
    <service name="ncml" serviceType="NCML" base="/thredds/ncml/"/>
    <service name="uddc" serviceType="UDDC" base="/thredds/uddc/"/>
    <service name="iso" serviceType="ISO" base="/thredds/iso/"/>
  </service>

  <dataset name="FNMOC Model Data">

    <metadata inherited="true">
      <serviceName>all</serviceName>
      <authority>edu.ucar.unidata</authority>
      <dataType>Grid</dataType>
      <dataFormat>GRIB-1</dataFormat>
      <documentation xlink:href="http://www.usno.navy.mil/FNMOC/"
                     xlink:title="FNMOC Home page"/>
      <documentation type="rights">Freely available</documentation>
      <documentation type="processing_level">Transmitted through Unidata Internet Data Distribution.</documentation>
      <documentation type="processing_level">Read by CDM Grib Collection.</documentation>

      <creator>
        <name vocabulary="DIF">Fleet Numerical Meteorology and Oceanography Center(FNMOC)
        </name>
        <contact url="http://gcmd.nasa.gov/Aboutus/software_docs/help_guide.html" email="http://gcmd.nasa.gov/MailComments/MailComments.jsf?rcpt=gcmduso"/>
      </creator>
      <publisher>
        <name vocabulary="ADN">University Corporation for Atmospheric Research (UCAR)/Unidata</name>
        <contact url="http://www.unidata.ucar.edu/" email="support@unidata.ucar.edu"/>
      </publisher>
      <timeCoverage>
        <end>present</end>
        <duration>45 days</duration>
      </timeCoverage>
    </metadata>

    <dataset name=" NAVy Global Environmental Model (NAVGEM) Model">
      <!--metadata inherited="true">
        <documentation xlink:href="http://www.nrlmry.navy.mil/nogaps_his.htm"
                       xlink:title="NOGAPS home page"/>
      </metadata-->

      <featureCollection name="FNMOC-NAVGEM-Global_0p5deg" featureType="GRIB1" harvest="true" path="grib/FNMOC/NAVGEM/Global_0p5deg">
        <metadata inherited="true">
          <documentation type="summary">FNMOC NAVGEM Global_0p5deg Model : Global Lat/Lon grid.
            Model runs are made at 0, 6, 12, and 18Z, with analysis and forecasts every 3 hours out 66 hours.
            Horizontal = 361 by 720 points, resolution 0.5 degree, Lat/Lon projection.
            Vertical = 1013 to 4 hPa pressure levels (33 levels); surface, height above ground, pressure layers.
          </documentation>
        </metadata>

        <collection spec="/data/ldm/pub/native/grid/FNMOC/NAVGEM/Global_0p5deg/FNMOC_NAVGEM_Global_0p5deg_#yyyyMMdd_HHmm#.grib1"
                    name="FNMOC_NAVGEM_Global_0p5deg"
                    timePartition="file"
                    olderThan="5 min"/>
        <update startup="never" trigger="allow" />
        <tdm startup="true" rescan="0 27 * * * ? *" trigger="allow"/>
        <gribConfig datasetTypes="Best LatestFile Files">
          <latestNamer name="Latest FNMOC NAVGEM Global 0.5 degree"/>
          <bestNamer name="Best FNMOC NAVGEM Global 0.5 degree Time Series" />
          <filesSort>
            <lexigraphicByName increasing="false" />
          </filesSort>
        </gribConfig>
      </featureCollection>

    </dataset>

    <dataset name="Wave Watch 3 (WW3) Model">
      <metadata inherited="true">
        <documentation xlink:href="https://www.fnmoc.navy.mil/ww3_cgi/index.html"
                       xlink:title="FNMOC WW3 documentation"/>
      </metadata>

      <featureCollection name="FNMOC-WW3-Global_1p0deg" featureType="GRIB1" harvest="true" path="grib/FNMOC/WW3/Global_1p0deg">
        <metadata inherited="true">
          <documentation type="summary">FNMOC WW3 Global_1p0deg Model : Global Lat/Lon grid.
            Model runs are made at 0, and 12Z, with analysis and forecasts every 3 hours out 24 hours then every 6 hours out 180 hours.
            Horizontal= 181 by 360 points, resolution 1 degree, Lat/Lon projection.
          </documentation>
        </metadata>

        <collection spec="/data/ldm/pub/native/grid/FNMOC/WW3/Global_1p0deg/FNMOC_WW3_Global_1p0deg_#yyyyMMdd_HHmm#.grib1"
                    name="FNMOC_WW3_Global_1p0deg"
                    timePartition="file"
                    olderThan="5 min"/>
        <update startup="never" trigger="allow" />
        <tdm startup="true" rescan="0 27 * * * ? *" trigger="allow"/>
        <gribConfig datasetTypes="Best LatestFile Files">
          <latestNamer name="Latest FNMOC WW3 Global 1.0 degree"/>
          <bestNamer name="Best FNMOC WW3 Global 1.0 degree Time Series" />
          <filesSort>
            <lexigraphicByName increasing="false" />
          </filesSort>
        </gribConfig>
      </featureCollection>

      <featureCollection name="FNMOC-WW3-Mediterranean" featureType="GRIB1" harvest="true" path="grib/FNMOC/WW3/Mediterranean">
        <metadata inherited="true">
          <documentation type="summary">FNMOC WW3 Mediterranean Model : Global Lat/Lon grid.
            Model runs are made at 0, and 12Z, with analysis and forecasts every 6 hours out 72 hours.
            Horizontal= 186 by 301 points, resolution .2 degree, Lat/Lon projection.
          </documentation>
        </metadata>

        <collection spec="/data/ldm/pub/native/grid/FNMOC/WW3/Mediterranean/FNMOC_WW3_Mediterranean_#yyyyMMdd_HHmm#.grib1"
                    name="FNMOC_WW3_Mediterranean"
                    timePartition="file"
                    olderThan="5 min"/>
        <update startup="never" trigger="allow" />
        <tdm startup="true" rescan="0 27 * * * ? *" trigger="allow"/>
        <gribConfig datasetTypes="Best LatestFile Files">
          <latestNamer name="Latest FNMOC WW3 Mediterranean 0.2 degree"/>
          <bestNamer name="Best FNMOC WW3 Mediterranean 0.2 degree Time Series" />
          <filesSort>
            <lexigraphicByName increasing="false" />
          </filesSort>
        </gribConfig>
      </featureCollection>

    </dataset>

    <dataset name="Forecast of Aerosol Radiative Optical Properties (FAROP) Model">
      <metadata inherited="true">
        <documentation xlink:href="http://www.bsc.es/wmo/files/Westphal_presentation.pdf"
                       xlink:title="FAROP documentation(pdf)"/>
      </metadata>

      <featureCollection name="FNMOC-FAROP-Global_1p0deg" featureType="GRIB1" harvest="true" path="grib/FNMOC/FAROP/Global_1p0deg">
        <metadata inherited="true">
          <documentation type="summary">FNMOC FAROP Global_1p0deg Model : Global Lat/Lon grid.
            Model runs are made at 0, 6, 12, and 18Z, with analysis and forecasts every 3 hours out 9 hours.
            Horizontal= 181 by 360 points, resolution 1 degree, Lat/Lon projection.
          </documentation>
        </metadata>

        <collection spec="/data/ldm/pub/native/grid/FNMOC/FAROP/Global_1p0deg/FNMOC_FAROP_Global_1p0deg_#yyyyMMdd_HHmm#.grib1"
                    name="FNMOC_FAROP_Global_1p0deg"
                    timePartition="file"
                    olderThan="5 min"/>
        <update startup="never" trigger="allow" />
        <tdm startup="true" rescan="0 27 * * * ? *" trigger="allow"/>
        <gribConfig datasetTypes="Best LatestFile Files">
          <latestNamer name="Latest FNMOC FAROP Global 1.0 degree"/>
          <bestNamer name="Best FNMOC FAROP Global 1.0 degree Time Series" />
          <filesSort>
            <lexigraphicByName increasing="false" />
          </filesSort>
        </gribConfig>
      </featureCollection>

    </dataset>

    <dataset name="Coupled Ocean / Atmosphere Mesoscale Prediction System (COAMPS) Model">
      <metadata inherited="true">
        <documentation xlink:href="http://www.nrlmry.navy.mil/coamps-web/web/home"
                       xlink:title="COAMPS home page"/>
        <documentation xlink:href="http://gcmd.nasa.gov/records/COAMPS.html"
                       xlink:title="GCMD Notes"/>
      </metadata>

      <featureCollection name="FNMOC-COAMPS-Western_Atlantic" featureType="GRIB1" harvest="true" path="grib/FNMOC/COAMPS/Western_Atlantic">
        <metadata inherited="true">
          <documentation type="summary">FNMOC COAMPS Western Atlantic Model : Global Lat/Lon grid.
            Model runs are made at 0 and 12Z, with analysis and forecasts every 3 hours out 72 hours.
            Horizontal= 176 by 191 points, resolution .2 degree, Lat/Lon projection.
          </documentation>
        </metadata>

        <collection spec="/data/ldm/pub/native/grid/FNMOC/COAMPS/Western_Atlantic/FNMOC_COAMPS_Western_Atlantic_#yyyyMMdd_HHmm#.grib1"
                    name="FNMOC_COAMPS_Western_Atlantic"
                    timePartition="file"
                    olderThan="5 min"/>
        <update startup="never" trigger="allow" />
        <tdm startup="true" rescan="0 27 * * * ? *" trigger="allow"/>
        <gribConfig datasetTypes="Best LatestFile Files">
          <latestNamer name="Latest FNMOC COAMPS Western Atlantic 0.2 degree"/>
          <bestNamer name="Best FNMOC COAMPS Western Atlantic 0.2 degree Time Series" />
          <filesSort>
            <lexigraphicByName increasing="false" />
          </filesSort>
        </gribConfig>
      </featureCollection>

      <featureCollection name="FNMOC-COAMPS-Central_America" featureType="GRIB1" harvest="true" path="grib/FNMOC/COAMPS/Central_America">
        <metadata inherited="true">
          <documentation type="summary">FNMOC COAMPS Central America Model : Global Lat/Lon grid.
            Model runs are made at 0 and 12Z, with analysis and forecasts every 3 hours out 48 hours.
            Horizontal= 161 by 301 points, resolution .2 degree, Lat/Lon projection.
          </documentation>
        </metadata>

        <collection spec="/data/ldm/pub/native/grid/FNMOC/COAMPS/Central_America/FNMOC_COAMPS_Central_America_#yyyyMMdd_HHmm#.grib1"
                    name="FNMOC_COAMPS_Central_America"
                    timePartition="file"
                    olderThan="5 min"/>
        <!-- tdm startup="true" rescan="0 5 * * * ? *" trigger="allow"/-->
        <tdm startup="true" rescan="0 27 * * * ? *" trigger="allow"/>
        <gribConfig datasetTypes="Best LatestFile Files">
          <latestNamer name="Latest FNMOC COAMPS Central America 0.2 degree"/>
          <bestNamer name="Best FNMOC COAMPS Central America 0.2 degree Time Series" />
          <filesSort>
            <lexigraphicByName increasing="false" />
          </filesSort>
        </gribConfig>
      </featureCollection>

      <featureCollection name="FNMOC-COAMPS-Eastern_Pacific" featureType="GRIB1" harvest="true" path="grib/FNMOC/COAMPS/Eastern_Pacific">
        <metadata inherited="true">
          <documentation type="summary">FNMOC COAMPS Eastern Pacific Model : Global Lat/Lon grid.
            Model runs are made at 0 and 12Z, with analysis and forecasts every 3 hours out 48 hours.
            Horizontal= 156 by 231 points, resolution .2 degree, Lat/Lon projection.
          </documentation>
        </metadata>

        <collection spec="/data/ldm/pub/native/grid/FNMOC/COAMPS/Eastern_Pacific/FNMOC_COAMPS_Eastern_Pacific_#yyyyMMdd_HHmm#.grib1"
                    name="FNMOC_COAMPS_Eastern_Pacific"
                    timePartition="file"
                    olderThan="5 min"/>
        <!-- tdm startup="true" rescan="0 6 * * * ? *" trigger="allow"/-->
        <tdm startup="true" rescan="0 27 * * * ? *" trigger="allow"/>
        <gribConfig datasetTypes="Best LatestFile Files">
          <latestNamer name="Latest FNMOC COAMPS Eastern Pacific 0.2 degree"/>
          <bestNamer name="Best FNMOC COAMPS Eastern Pacific 0.2 degree Time Series" />
          <filesSort>
            <lexigraphicByName increasing="false" />
          </filesSort>
        </gribConfig>
      </featureCollection>

      <featureCollection name="FNMOC-COAMPS-Europe" featureType="GRIB1" harvest="true" path="grib/FNMOC/COAMPS/Europe">
        <metadata inherited="true">
          <documentation type="summary">FNMOC COAMPS Europe Model : Global Lat/Lon grid.
            Model runs are made at 0 and 12Z, with analysis and forecasts every 6 hours out 72 hours.
            Horizontal= 186 by 301 points, resolution .2 degree, Lat/Lon projection.
          </documentation>
        </metadata>

        <collection spec="/data/ldm/pub/native/grid/FNMOC/COAMPS/Europe/FNMOC_COAMPS_Europe_#yyyyMMdd_HHmm#.grib1"
                    name="FNMOC_COAMPS_Europe"
                    timePartition="file"
                    olderThan="5 min"/>
        <!-- tdm startup="true" rescan="0 7 * * * ? *" trigger="allow"/-->
        <tdm startup="true" rescan="0 27 * * * ? *" trigger="allow"/>
        <gribConfig datasetTypes="Best LatestFile Files">
          <latestNamer name="Latest FNMOC COAMPS Europe 0.2 degree"/>
          <bestNamer name="Best FNMOC COAMPS Europe 0.2 degree Time Series" />
          <filesSort>
            <lexigraphicByName increasing="false" />
          </filesSort>
        </gribConfig>
      </featureCollection>
    </dataset>

    <dataset name="Navy Coupled Ocean Data Assimilation (NCODA) Model">
      <metadata inherited="true">
        <documentation xlink:href="http://coastalmodeling.rsmas.miami.edu/Application/View/21/MQ=="
                       xlink:title="NCODA documentation"/>
      </metadata>

      <featureCollection name="FNMOC-NCODA-Global_Ocean" featureType="GRIB1" harvest="true" path="grib/FNMOC/NCODA/Global_Ocean">
        <metadata inherited="true">
          <documentation type="summary">FNMOC NCODA Model : Global Lat/Lon grid.
            Model runs are made at 12Z, with analysis and forecasts at 0Z.
            Horizontal= 721 by 1440 points, resolution .25 degree, Lat/Lon projection.
          </documentation>
        </metadata>

        <collection spec="/data/ldm/pub/native/grid/FNMOC/NCODA/Global_Ocean/FNMOC_NCODA_Global_Ocean_#yyyyMMdd_HHmm#.grib1"
                    name="FNMOC_NCODA_Global_Ocean"
                    timePartition="file"
                    olderThan="5 min"/>
        <update startup="never" trigger="allow" />
        <tdm startup="true" rescan="0 27 * * * ? *" trigger="allow"/>
        <gribConfig datasetTypes="Best LatestFile Files">
          <latestNamer name="Latest FNMOC NCODA Global 0.25 degree"/>
          <bestNamer name="Best FNMOC NCODA Global 0.25 degree Time Series" />
          <filesSort>
            <lexigraphicByName increasing="false" />
          </filesSort>
        </gribConfig>
      </featureCollection>

    </dataset>

  </dataset>


</catalog>

