<?xml version="1.0" encoding="UTF-8"?>
<catalog xmlns="http://www.unidata.ucar.edu/namespaces/thredds/InvCatalog/v1.0"
         xmlns:xlink="http://www.w3.org/1999/xlink" name="THREDDS-IDD OPeNDAP Data Server - Station Data"
         version="1.2">

  <service name="bufrServices" serviceType="Compound" base="">
    <service name="cdmremote" serviceType="CdmRemote" base="/thredds/cdmremote/"/>
    <service name="HTTPServer" serviceType="HTTPServer" base="/thredds/fileServer/"/>
    <service name="ncml" serviceType="NCML" base="/thredds/ncml/"/>
    <service name="uddc" serviceType="UDDC" base="/thredds/uddc/"/>
    <service name="iso" serviceType="ISO" base="/thredds/iso/"/>
  </service>

  <dataset name="Surface Observations">

    <metadata inherited="true">
      <authority>edu.ucar.unidata</authority>
      <dataType>Point</dataType>
      <documentation type="rights">Freely available</documentation>
      <creator>
        <name vocabulary="DIF">DOC/NOAA/NWS</name>
        <contact url="http://www.noaa.gov/" email="answers@noaa.gov"/>
      </creator>
      <publisher>
        <name vocabulary="DIF">UCAR/UNIDATA</name>
        <contact url="http://www.unidata.ucar.edu/" email="support@unidata.ucar.edu"/>
      </publisher>

      <geospatialCoverage>
        <name vocabulary="Thredds">global</name>
      </geospatialCoverage>
    </metadata>

    <featureCollection name="Metar Station Data" harvest="true" featureType="Station" path="nws/metar/ncdecoded">
      <metadata inherited="true">
        <dataType>Station</dataType>
        <documentation type="summary">Metars: hourly surface weather observations</documentation>
        <documentation xlink:href="http://metar.noaa.gov/" xlink:title="NWS/NOAA information"/>
        <documentation>In the U.S., METAR reports are taken once an hour between 50 minutes past the hour and the top of
          the (next) hour. All the observations taken within this time are considered to be for the same cycle. For
          example, observations taken between 1150Z and 1200Z are all considered to be 12Z observations. In reality,
          observations may be taken a little earlier or a little later. In addition, observations taken due to changing
          conditions, known as SPECI reports, are also considered to occur for a given cycle. Our rule of thumb is that
          all reports taken between (hh-1)45Z to hh44Z are considered to be for the hh cycle.
        </documentation>
        <keyword>metar</keyword>
        <keyword>surface observations</keyword>
      </metadata>

      <property name="raw" value="report"/>
      <property name="resolution" value="20 min"/>

      <collection spec="/data/ldm/pub/decoded/netcdf/surface/metar/Surface_METAR_#yyyyMMdd_HHmm#.nc$"/>
      <update startup="true" rescan="0 0/15 * * * ? *" trigger="allow"/>
      <protoDataset choice="Penultimate"/>
      <pointConfig datasetTypes="cdmrFeature Files"/>
    </featureCollection>

    <featureCollection name="Surface Buoy Point Data" harvest="true" featureType="Point" path="nws/buoy/ncdecoded">
      <collection spec="/data/ldm/pub/decoded/netcdf/surface/buoy/Surface_Buoy_#yyyyMMdd_HHmm#.nc$"/>
      <update startup="true" rescan="0 0/15 * * * ? *" trigger="allow"/>
      <protoDataset choice="Penultimate"/>
      <pointConfig datasetTypes="cdmrFeature Files"/>
    </featureCollection>

    <featureCollection name="Surface Synoptic Point Data" harvest="true" featureType="Point" path="nws/synoptic/ncdecoded">
      <collection spec="/data/ldm/pub/decoded/netcdf/surface/synoptic/Surface_Synoptic_#yyyyMMdd_HHmm#.nc$"/>
      <update startup="true" rescan="0 0/15 * * * ? *" trigger="allow"/>
      <protoDataset choice="Penultimate"/>
      <pointConfig datasetTypes="cdmrFeature Files"/>
    </featureCollection>

    <!-- featureCollection name="Upper Air Point Data" harvest="true" featureType="Point" path="nws/upperair/ncdecoded">
      <collection spec="/data/ldm/pub/decoded/netcdf/upperair/Upperair_#yyyyMMdd_HHmm#.nc$" />
      <update startup="true" rescan="0 0/15 * * * ? *" trigger="allow"/>
      <protoDataset choice="Penultimate" />
      <pointConfig datasetTypes="cdmrFeature Files"/>
    </featureCollection -->

  </dataset>
  <!-- End of Surface Observations -->

  <dataset name="Wind Profiler Observations">

    <metadata inherited="true">
      <authority>edu.ucar.unidata</authority>
      <dataType>Station</dataType>
      <dataFormat>NetCDF</dataFormat>
      <documentation type="rights">Freely available</documentation>
      <creator>
        <name vocabulary="DIF">DOC/NOAA/NWS</name>
        <contact url="http://www.noaa.gov/" email="answers@noaa.gov"/>
      </creator>
      <publisher>
        <name vocabulary="DIF">UCAR/UNIDATA</name>
        <contact url="http://www.unidata.ucar.edu/" email="support@unidata.ucar.edu"/>
      </publisher>
    </metadata>

    <datasetScan name="Wind Profile Data for KBOU" collectionType="TimeSeries" harvest="true" ID="NWS/Sounding/Vertical"
                 path="station/soundings" location="/data/ldm/pub/native/profiler/bufr/profiler3/">

      <metadata inherited="true">
        <serviceName>bufrServices</serviceName>
        <documentation type="summary">Vertical Wind Profiles from KBOU</documentation>
        <documentation xlink:href="http://www.profiler.noaa.gov/bufr_format_docs/fileNameWmoFmt.html" xlink:title="NWS/NOAA information"/>
        <documentation>Vertical Soundings</documentation>
        <dataFormat>BUFR</dataFormat>
        <keyword>soundings</keyword>
        <keyword>vertical soundings</keyword>
        <geospatialCoverage>
          <northsouth>
            <start>-90.0</start>
            <size>180.0</size>
            <units>degrees_north</units>
          </northsouth>
          <eastwest>
            <start>0.0</start>
            <size>360.0</size>
            <units>degrees_east</units>
          </eastwest>
        </geospatialCoverage>
        <timeCoverage>
          <end>present</end>
          <duration>7 days</duration>
        </timeCoverage>
        <variables vocabulary="CF-1"/>
      </metadata>

      <filter>
        <include wildcard="*.bufr" atomic="true" collection="false"/>
      </filter>
      <sort>
        <lexigraphicByName increasing="false"/>
      </sort>
      <addLatest/>
      <addTimeCoverage datasetNameMatchPattern="PROFILER_([0-9]{4})([0-9]{2})([0-9]{2})_0000.bufr$"
                       startTimeSubstitutionPattern="$1-$2-$3T00:00:00" duration="1 day"/>
    </datasetScan>

  </dataset>
  <!-- End Wind Profiler Observations -->
</catalog>

