<?xml version="1.0" encoding="UTF-8"?>
<catalog xmlns="http://www.unidata.ucar.edu/namespaces/thredds/InvCatalog/v1.0"
         xmlns:xlink="http://www.w3.org/1999/xlink"
         name="Unidata THREDDS Data Server - Radar Data" version="1.2">

  <dataset name="IDD Radar Data">
    <metadata inherited="true">
      <authority>edu.ucar.unidata</authority>
      <documentation xlink:href="http://www.unidata.ucar.edu/data/#radar" xlink:title="Unidata radar data page"/>
      <documentation type="rights">Freely available</documentation>
      <publisher>
        <name vocabulary="DIF">UCAR/UNIDATA</name>
        <contact url="http://www.unidata.ucar.edu/" email="support@unidata.ucar.edu"/>
      </publisher>
    </metadata>

    <datasetScan name="NEXRAD Level III Radar" collectionType="TimeSeries" harvest="true" ID="NWS/NEXRAD3"
                 path="nexrad/level3" location="/data/ldm/pub/native/radar/level3/nexrad/">

      <documentation type="summary">The NIDS data feed from the IDD provides roughly 75 radar products sent every 5-10 minutes from 154 sites.
        These "derived" products include base reflectivity and velocity, composite reflectivity, precipitation estimates, echo tops and VAD winds.
      </documentation>
      <documentation xlink:href="http://www.ncdc.noaa.gov/oa/radar/radarresources.html"
                     xlink:title="NCDC Radar Resources"/>
      <documentation xlink:href="http://lwf.ncdc.noaa.gov/oa/radar/radarproducts.html"
                     xlink:title="Description of Radar Products (NCDC)"/>
      <creator>
        <name vocabulary="DIF">DOC/NOAA/NWS</name>
        <contact url="http://www.roc.noaa.gov/" email="http://www.roc.noaa.gov/Feedback/"/>
      </creator>
      <geospatialCoverage>
        <northsouth>
          <start>20.0</start>
          <size>40.0</size>
          <units>degrees_north</units>
        </northsouth>
        <eastwest>
          <start>-135.0</start>
          <size>70.0</size>
          <units>degrees_east</units>
        </eastwest>
        <updown>
          <start>0.0</start>
          <size>0.0</size>
          <units>km</units>
        </updown>
      </geospatialCoverage>
      <timeCoverage>
        <end>present</end>
        <duration>14 days</duration>
      </timeCoverage>
      <variables vocabulary="DIF">
        <variable name="DAA/Digital One Hour Precipitation (Dual-Pol)" vocabulary_name="EARTH SCIENCE &gt; Atmosphere &gt; Precipitation &gt; Precipitation Amount" units="in" />
        <variable name="DHR/Digital Hybrid Scan Reflectivity" vocabulary_name="EARTH SCIENCE &gt; Spectral/Engineering &gt; Radar &gt; Radar Reflectivity" units="dbZ" />
        <variable name="DOD/One Hour Precipitation Difference" units="in" />
        <variable name="DPA/Digital Precipitation Array" vocabulary_name="EARTH SCIENCE &gt; Atmosphere &gt; Precipitation &gt; Precipitation Amount" units="din" />
        <variable name="DPR/Digital Precipitation Rate" vocabulary_name="EARTH SCIENCE &gt; Atmosphere &gt; Precipitation &gt; Precipitation Rate" units="in/hr" />
        <variable name="DSD/Storm Total Precipitation Difference" units="in" />
        <variable name="DSP/Digital Storm Total Precipitation" vocabulary_name="EARTH SCIENCE &gt; Atmosphere &gt; Precipitation &gt; Precipitation Amount" units="in" />
        <variable name="DTA/Digital Storm Total Precipitation (Dual-Pol)" vocabulary_name="EARTH SCIENCE &gt; Atmosphere &gt; Precipitation &gt; Precipitation Amount" units="in" />
        <variable name="DU3/Three Hour Precipitation (Dual-Pol)" vocabulary_name="EARTH SCIENCE &gt; Atmosphere &gt; Precipitation &gt; Precipitation Amount" units="in" />
        <variable name="DU6/24 Hour Precipitation (Dual-Pol)" vocabulary_name="EARTH SCIENCE &gt; Atmosphere &gt; Precipitation &gt; Precipitation Amount" units="in" />

        <variable name="DVL/Digital Vertical Liquid" vocabulary_name="EARTH SCIENCE &gt; Atmosphere &gt; Precipitation &gt; Liquid Water Equivalent" units="kg/m2" />
        <variable name="EET/Enchanced Echo Tops" vocabulary_name="EARTH SCIENCE &gt; Atmosphere &gt; Clouds &gt; Cloud Optical Depth/Thickness" units="1000 feet" />
        <variable name="HHC/Hybrid Hydrometeor Classification" vocabulary_name="EARTH SCIENCE &gt; Spectral/Engineering &gt; Radar &gt;" units="" />

        <variable name="N0C/Correlation Coefficient Tilt 1" vocabulary_name="EARTH SCIENCE &gt; Spectral/Engineering &gt; Radar &gt;" units="dimensionless" />
        <variable name="NAC/Correlation Coefficient Tilt 2" vocabulary_name="EARTH SCIENCE &gt; Spectral/Engineering &gt; Radar &gt;" units="dimensionless" />
        <variable name="N1C/Correlation Coefficient Tilt 3" vocabulary_name="EARTH SCIENCE &gt; Spectral/Engineering &gt; Radar &gt;" units="dimensionless" />
        <variable name="NBC/Correlation Coefficient Tilt 4" vocabulary_name="EARTH SCIENCE &gt; Spectral/Engineering &gt; Radar &gt;" units="dimensionless" />
        <variable name="N2C/Correlation Coefficient Tilt 5" vocabulary_name="EARTH SCIENCE &gt; Spectral/Engineering &gt; Radar &gt;" units="dimensionless" />
        <variable name="N3C/Correlation Coefficient Tilt 6" vocabulary_name="EARTH SCIENCE &gt; Spectral/Engineering &gt; Radar &gt;" units="dimensionless" />

        <variable name="N0H/Hydrometeor Classification Tilt 1" vocabulary_name="EARTH SCIENCE &gt; Spectral/Engineering &gt; Radar &gt;" units="" />
        <variable name="NAH/Hydrometeor Classification Tilt 2" vocabulary_name="EARTH SCIENCE &gt; Spectral/Engineering &gt; Radar &gt;" units="" />
        <variable name="N1H/Hydrometeor Classification Tilt 3" vocabulary_name="EARTH SCIENCE &gt; Spectral/Engineering &gt; Radar &gt;" units="" />
        <variable name="NBH/Hydrometeor Classification Tilt 4" vocabulary_name="EARTH SCIENCE &gt; Spectral/Engineering &gt; Radar &gt;" units="" />
        <variable name="N2H/Hydrometeor Classification Tilt 5" vocabulary_name="EARTH SCIENCE &gt; Spectral/Engineering &gt; Radar &gt;" units="" />
        <variable name="N3H/Hydrometeor Classification Tilt 6" vocabulary_name="EARTH SCIENCE &gt; Spectral/Engineering &gt; Radar &gt;" units="" />

        <variable name="N0K/Specific Differential Phase Tilt 1" vocabulary_name="EARTH SCIENCE &gt; Spectral/Engineering &gt; Radar &gt;" units="deg/km" />
        <variable name="NAK/Specific Differential Phase Tilt 2" vocabulary_name="EARTH SCIENCE &gt; Spectral/Engineering &gt; Radar &gt;" units="deg/km" />
        <variable name="N1K/Specific Differential Phase Tilt 3" vocabulary_name="EARTH SCIENCE &gt; Spectral/Engineering &gt; Radar &gt;" units="deg/km" />
        <variable name="NBK/Specific Differential Phase Tilt 4" vocabulary_name="EARTH SCIENCE &gt; Spectral/Engineering &gt; Radar &gt;" units="deg/km" />
        <variable name="N2K/Specific Differential Phase Tilt 5" vocabulary_name="EARTH SCIENCE &gt; Spectral/Engineering &gt; Radar &gt;" units="deg/km" />
        <variable name="N3K/Specific Differential Phase Tilt 6" vocabulary_name="EARTH SCIENCE &gt; Spectral/Engineering &gt; Radar &gt;" units="deg/km" />

        <variable name="N0M/Melting Layer Tilt 1" vocabulary_name="EARTH SCIENCE &gt; Spectral/Engineering &gt; Radar &gt;" units="km" />
        <variable name="NAM/Melting Layer Tilt 2" vocabulary_name="EARTH SCIENCE &gt; Spectral/Engineering &gt; Radar &gt;" units="km" />
        <variable name="N1M/Melting Layer Tilt 3" vocabulary_name="EARTH SCIENCE &gt; Spectral/Engineering &gt; Radar &gt;" units="km" />
        <variable name="NBM/Melting Layer Tilt 4" vocabulary_name="EARTH SCIENCE &gt; Spectral/Engineering &gt; Radar &gt;" units="km" />
        <variable name="N2M/Melting Layer Tilt 5" vocabulary_name="EARTH SCIENCE &gt; Spectral/Engineering &gt; Radar &gt;" units="km" />
        <variable name="N3M/Melting Layer Tilt 6" vocabulary_name="EARTH SCIENCE &gt; Spectral/Engineering &gt; Radar &gt;" units="km" />

        <variable name="N0Q/Base Reflectivity Tilt 1" vocabulary_name="EARTH SCIENCE &gt; Spectral/Engineering &gt; Radar &gt; Radar Reflectivity" units="dbZ" />
        <variable name="NAQ/Base Reflectivity Tilt 2" vocabulary_name="EARTH SCIENCE &gt; Spectral/Engineering &gt; Radar &gt; Radar Reflectivity" units="dbZ" />
        <variable name="N1Q/Base Reflectivity Tilt 3" vocabulary_name="EARTH SCIENCE &gt; Spectral/Engineering &gt; Radar &gt; Radar Reflectivity" units="dbZ" />
        <variable name="NBQ/Base Reflectivity Tilt 4" vocabulary_name="EARTH SCIENCE &gt; Spectral/Engineering &gt; Radar &gt; Radar Reflectivity" units="dbZ" />
        <variable name="N2Q/Base Reflectivity Tilt 5" vocabulary_name="EARTH SCIENCE &gt; Spectral/Engineering &gt; Radar &gt; Radar Reflectivity" units="dbZ" />
        <variable name="N3Q/Base Reflectivity Tilt 6" vocabulary_name="EARTH SCIENCE &gt; Spectral/Engineering &gt; Radar &gt; Radar Reflectivity" units="dbZ" />

        <variable name="N0R/Base Reflectivity Tilt 1" vocabulary_name="EARTH SCIENCE &gt; Spectral/Engineering &gt; Radar &gt; Radar Reflectivity" units="dbZ" />
        <variable name="N1R/Base Reflectivity Tilt 2" vocabulary_name="EARTH SCIENCE &gt; Spectral/Engineering &gt; Radar &gt; Radar Reflectivity" units="dbZ" />
        <variable name="N2R/Base Reflectivity Tilt 3" vocabulary_name="EARTH SCIENCE &gt; Spectral/Engineering &gt; Radar &gt; Radar Reflectivity" units="dbZ" />
        <variable name="N3R/Base Reflectivity Tilt 4" vocabulary_name="EARTH SCIENCE &gt; Spectral/Engineering &gt; Radar &gt; Radar Reflectivity" units="dbZ" />

        <variable name="N0S/Storm-Rel Mean Vel Tilt 1" vocabulary_name="EARTH SCIENCE &gt; Spectral/Engineering &gt; Radar &gt; Doppler Velocity" units="knots" />
        <variable name="N1S/Storm-Rel Mean Vel Tilt 2" vocabulary_name="EARTH SCIENCE &gt; Spectral/Engineering &gt; Radar &gt; Doppler Velocity" units="knots" />
        <variable name="N2S/Storm-Rel Mean Vel Tilt 3" vocabulary_name="EARTH SCIENCE &gt; Spectral/Engineering &gt; Radar &gt; Doppler Velocity" units="knots" />
        <variable name="N3S/Storm-Rel Mean Vel Tilt 4" vocabulary_name="EARTH SCIENCE &gt; Spectral/Engineering &gt; Radar &gt; Doppler Velocity" units="knots" />

        <variable name="N0U/Radial Velocity Tilt 1" vocabulary_name="EARTH SCIENCE &gt; Spectral/Engineering &gt; Radar &gt; Doppler Velocity" units="knots" />
        <variable name="NAU/Radial Velocity Tilt 2" vocabulary_name="EARTH SCIENCE &gt; Spectral/Engineering &gt; Radar &gt; Doppler Velocity" units="knots" />
        <variable name="N1U/Radial Velocity Tilt 3" vocabulary_name="EARTH SCIENCE &gt; Spectral/Engineering &gt; Radar &gt; Doppler Velocity" units="knots" />
        <variable name="NBU/Radial Velocity Tilt 4" vocabulary_name="EARTH SCIENCE &gt; Spectral/Engineering &gt; Radar &gt; Doppler Velocity" units="knots" />
        <variable name="N2U/Radial Velocity Tilt 5" vocabulary_name="EARTH SCIENCE &gt; Spectral/Engineering &gt; Radar &gt; Doppler Velocity" units="knots" />
        <variable name="N3U/Radial Velocity Tilt 6" vocabulary_name="EARTH SCIENCE &gt; Spectral/Engineering &gt; Radar &gt; Doppler Velocity" units="knots" />

        <variable name="N0X/Differential Reflectivity DR Tilt 1" vocabulary_name="EARTH SCIENCE &gt; Spectral/Engineering &gt; Radar &gt; Radar Reflectivity" units="dbZ" />
        <variable name="NAX/Differential Reflectivity DR Tilt 2" vocabulary_name="EARTH SCIENCE &gt; Spectral/Engineering &gt; Radar &gt; Radar Reflectivity" units="dbZ" />
        <variable name="N1X/Differential Reflectivity DR Tilt 3" vocabulary_name="EARTH SCIENCE &gt; Spectral/Engineering &gt; Radar &gt; Radar Reflectivity" units="dbZ" />
        <variable name="NBX/Differential Reflectivity DR Tilt 4" vocabulary_name="EARTH SCIENCE &gt; Spectral/Engineering &gt; Radar &gt; Radar Reflectivity" units="dbZ" />
        <variable name="N2X/Differential Reflectivity DR Tilt 5" vocabulary_name="EARTH SCIENCE &gt; Spectral/Engineering &gt; Radar &gt; Radar Reflectivity" units="dbZ" />
        <variable name="N3X/Differential Reflectivity DR Tilt 6" vocabulary_name="EARTH SCIENCE &gt; Spectral/Engineering &gt; Radar &gt; Radar Reflectivity" units="dbZ" />

        <variable name="N0V/Radial Velocity Tilt 1" vocabulary_name="EARTH SCIENCE &gt; Spectral/Engineering &gt; Radar &gt; Doppler Velocity" units="knots" />
        <variable name="N0Z/Base Reflecitvity 248nm" vocabulary_name="EARTH SCIENCE &gt; Spectral/Engineering &gt; Radar &gt; Radar Reflectivity" units="dbZ" />

        <variable name="N1P/Surface Rainfall 1-hour" vocabulary_name="EARTH SCIENCE &gt; Atmosphere &gt; Precipitation &gt; Precipitation Amount" units="in" />

        <variable name="NCR/Composite Reflectivity" vocabulary_name="EARTH SCIENCE &gt; Spectral/Engineering &gt; Radar &gt; Radar Reflectivity" units="dbZ" />
        <variable name="NET/Echo Tops" vocabulary_name="EARTH SCIENCE &gt; Atmosphere &gt; Clouds &gt; Cloud Optical Depth/Thickness" units="1000 feet" />
        <variable name="NMD/Mesocyclone" vocabulary_name="EARTH SCIENCE &gt; Spectral/Engineering &gt; Radar &gt; " units="" />
        <variable name="NST/Storm Tracking Information" vocabulary_name="EARTH SCIENCE &gt; Spectral/Engineering &gt; Radar &gt;" units="" />
        <variable name="NTP/Storm Total Rainfall" vocabulary_name="EARTH SCIENCE &gt; Atmosphere &gt; Precipitation &gt; Precipitation Amount" units="in" />
        <variable name="NVL/Vertical Liquid" vocabulary_name="EARTH SCIENCE &gt; Atmosphere &gt; Precipitation &gt; Liquid Water Equivalent" units="kg/m2" />
        <variable name="NVW/Velocity Azimuth Display Wind Profile" vocabulary_name="EARTH SCIENCE &gt; Atmosphere &gt; Atmospheric Winds &gt; Wind Profiles" units="knots" />

        <variable name="OHA/One Hour Precipitation (Dual-Pol)" vocabulary_name="EARTH SCIENCE &gt; Atmosphere &gt; Precipitation &gt; Precipitation Amount" units="in" />
        <variable name="PTA/Storm Total Precipitation (Dual-Pol)" vocabulary_name="EARTH SCIENCE &gt; Atmosphere &gt; Precipitation &gt; Precipitation Amount" units="in" />
      </variables>

      <metadata inherited="true">
        <dataType>Radial</dataType>
        <dataFormat>NEXRAD-3</dataFormat>
      </metadata>
      <filter>
        <include wildcard="Level3*.nids" atomic="true" collection="false"/>
        <exclude wildcard=".*" atomic="false" collection="true"/>
      </filter>
      <sort>
        <lexigraphicByName increasing="false"/>
      </sort>
      <addDatasetSize/>
      <addTimeCoverage datasetNameMatchPattern=".*_([0-9]{4})([0-9]{2})([0-9]{2})_([0-9]{2})([0-9]{2}).nids$"
                       startTimeSubstitutionPattern="$1-$2-$3T$4:$5:00" duration="5 minutes"/>
    </datasetScan>

    <datasetScan name="TDWR Level III Radar" collectionType="TimeSeries" harvest="true" ID="NWS/TDWR3"
                 path="terminal/level3" location="/data/ldm/pub/native/radar/level3/tdwr/">
      <documentation type="summary">The TDWR data feed from the IDD provides radar products generated from the FAA Terminal Doppler Weather Radars (TDWR),
        which are separate from NEXRAD. These "derived" products include base reflectivity and velocity, echo tops, and precipitation amounts.
      </documentation>
      <documentation xlink:href="http://www.ncdc.noaa.gov/oa/radar/radarresources.html"
                     xlink:title="NCDC Radar Resources"/>
      <documentation xlink:href="http://lwf.ncdc.noaa.gov/oa/radar/radarproducts.html"
                     xlink:title="Description of Radar Products (NCDC)"/>
      <creator>
        <name vocabulary="DIF">DOC/NOAA/NWS</name>
        <contact url="http://www.roc.noaa.gov/" email="http://www.roc.noaa.gov/Feedback/"/>
      </creator>
      <geospatialCoverage>
        <northsouth>
          <start>20.0</start>
          <size>40.0</size>
          <units>degrees_north</units>
        </northsouth>
        <eastwest>
          <start>-135.0</start>
          <size>70.0</size>
          <units>degrees_east</units>
        </eastwest>
        <updown>
          <start>0.0</start>
          <size>0.0</size>
          <units>km</units>
        </updown>
      </geospatialCoverage>
      <timeCoverage>
        <end>present</end>
        <duration>14 days</duration>
      </timeCoverage>

      <variables vocabulary="DIF">
        <variable name="DHR/Digital Hybrid Scan Reflectivity" vocabulary_name="EARTH SCIENCE &gt; Spectral/Engineering &gt; Radar &gt; Radar Reflectivity" units="dbZ" />
        <variable name="DPA/Digital Precipitation Array" vocabulary_name="EARTH SCIENCE &gt; Atmosphere &gt; Precipitation &gt; Precipitation Amount" units="in" />
        <variable name="DSP/Storm Total Precipitation" vocabulary_name="EARTH SCIENCE &gt; Atmosphere &gt; Precipitation &gt; Precipitation Amount" units="in" />
        <variable name="N1P/Surface Rainfall 1-hour" vocabulary_name="EARTH SCIENCE &gt; Atmosphere &gt; Precipitation &gt; Rain" units="in" />
        <variable name="NCR/Composite Reflectivity" vocabulary_name="EARTH SCIENCE &gt; Spectral/Engineering &gt; Radar &gt; Radar Reflectivity" units="dbZ" />
        <variable name="NET/Echo Tops" vocabulary_name="EARTH SCIENCE &gt; Atmosphere &gt; Clouds &gt; Cloud Optical Depth/Thickness" units="1000 feet" />
        <variable name="NMD/Mesocyclone" vocabulary_name="EARTH SCIENCE &gt; Spectral/Engineering &gt; Radar &gt;" units="" />
        <variable name="NST/Storm Tracking Information" vocabulary_name="EARTH SCIENCE &gt; Spectral/Engineering &gt; Radar &gt;" units="" />
        <variable name="NTP/Storm Total Rainfall" vocabulary_name="EARTH SCIENCE &gt; Atmosphere &gt; Precipitation &gt; Rain" units="in" />
        <variable name="NVL/Vertical Integrated Liquid" vocabulary_name="EARTH SCIENCE &gt; Atmosphere &gt; Precipitation &gt; Liquid Water Equivalent" units="kg/m2" />
        <variable name="NVW/Velocity Azimuth Display Wind Profile" vocabulary_name="EARTH SCIENCE &gt; Atmosphere &gt; Atmospheric Winds &gt; Wind Profiles" units="knots" />

        <variable name="TR0/Base Reflectivity Tilt 1" vocabulary_name="EARTH SCIENCE &gt; Spectral/Engineering &gt; Radar &gt; Radar Reflectivity" units="dbZ" />
        <variable name="TR1/Base Reflectivity Tilt 2" vocabulary_name="EARTH SCIENCE &gt; Spectral/Engineering &gt; Radar &gt; Radar Reflectivity" units="dbZ" />
        <variable name="TR2/Base Reflectivity Tilt 3" vocabulary_name="EARTH SCIENCE &gt; Spectral/Engineering &gt; Radar &gt; Radar Reflectivity" units="dbZ" />

        <variable name="TV0/Base Radial Velocity Tilt 1" vocabulary_name="EARTH SCIENCE &gt; Spectral/Engineering &gt; Radar &gt; Doppler Velocity" units="knots" />
        <variable name="TV1/Base Radial Velocity Tilt 2" vocabulary_name="EARTH SCIENCE &gt; Spectral/Engineering &gt; Radar &gt; Doppler Velocity" units="knots" />
        <variable name="TV2/Base Radial Velocity Tilt 3" vocabulary_name="EARTH SCIENCE &gt; Spectral/Engineering &gt; Radar &gt; Doppler Velocity" units="knots" />

        <variable name="TZL/Long Range Reflectivity" vocabulary_name="EARTH SCIENCE &gt; Spectral/Engineering &gt; Radar &gt; Radar Reflectivity" units="dbZ" />
      </variables>
      <metadata inherited="true">
        <dataType>Radial</dataType>
        <dataFormat>NEXRAD-3</dataFormat>
      </metadata>
      <filter>
        <include wildcard="Level3*.nids" atomic="true" collection="false"/>
        <exclude wildcard=".*" atomic="false" collection="true"/>
      </filter>
      <sort>
        <lexigraphicByName increasing="false"/>
      </sort>
      <addDatasetSize/>
      <addTimeCoverage datasetNameMatchPattern=".*_([0-9]{4})([0-9]{2})([0-9]{2})_([0-9]{2})([0-9]{2}).nids$"
                       startTimeSubstitutionPattern="$1-$2-$3T$4:$5:00" duration="5 minutes"/>
    </datasetScan>

    <datasetScan name="NEXRAD Level II Radar WSR-88D" collectionType="TimeSeries" ID="NWS/NEXRAD2" path="nexrad/level2"
                 location="/data/ldm/pub/native/radar/level2/">
      <metadata inherited="true">
        <dataType>Radial</dataType>
        <dataFormat>NEXRAD-2</dataFormat>
        <documentation type="summary">The NEXRAD Level II feed from the IDD provides raw radar volume data collected from the NWS WSR-88Ds.
          Data are available approximately every 5 minutes in precipitation mode, and ten minutes in clear air mode
        </documentation>
        <creator>
          <name vocabulary="DIF">DOC/NOAA/NWS</name>
          <contact url="http://www.roc.noaa.gov/" email="http://www.roc.noaa.gov/Feedback/"/>
        </creator>
        <timeCoverage>
          <end>present</end>
          <duration>7 days</duration>
        </timeCoverage>
        <variables vocabulary="DIF">
           <variable name="Reflectivity" vocabulary_name="EARTH SCIENCE &gt; Spectral/Engineering &gt; Radar &gt; Radar Reflectivity" units="dbZ" />
           <variable name="Velocity" vocabulary_name="EARTH SCIENCE &gt; Spectral/Engineering &gt; Radar &gt; Doppler Velocity" units="m/s" />
           <variable name="SpectrumWidth" vocabulary_name="EARTH SCIENCE &gt; Spectral/Engineering &gt; Radar &gt; Doppler Spectrum Width" units="m/s" />
           <variable name="DifferentialReflectivity" vocabulary_name="EARTH SCIENCE &gt; Spectral/Engineering &gt; Radar &gt;" units="db" />
           <variable name="DifferentialPhase" vocabulary_name="EARTH SCIENCE &gt; Spectral/Engineering &gt; Radar &gt;" units="deg" />
 	         <variable name="CorrelationCoefficient" vocabulary_name="EARTH SCIENCE &gt; Spectral/Engineering &gt; Radar &gt;" units="dimensionless"/>
        </variables>

      </metadata>
      <filter>
        <include wildcard="Level2*.ar2v" atomic="true" collection="false"/>
        <exclude wildcard=".*" atomic="false" collection="true"/>
      </filter>
      <sort>
        <lexigraphicByName increasing="false"/>
      </sort>
      <addLatest/>
      <addDatasetSize/>
      <addTimeCoverage
          datasetNameMatchPattern="Level2_([A-Z]{4})_([0-9]{4})([0-9]{2})([0-9]{2})_([0-9]{2})([0-9]{2}).bzip2$"
          startTimeSubstitutionPattern="$1-$2-$3T$4:$5:00" duration="5 minutes"/>
    </datasetScan>

  </dataset> <!-- end of IDD Radar Data -->

  <dataset name="NEXRAD National Composites From Unidata">
    <metadata inherited="true">
      <dataType>Grid</dataType>
    </metadata>

    <datasetScan name="Unidata NEXRAD Composites (GINI)" collectionType="TimeSeries" harvest="true"
                 ID="Unidata/NEXRAD/NationalComposite/GINI" path="nexrad/composite/gini"
                 location="/data/ldm/pub/native/radar/composite/gini/">
      <metadata inherited="true">
        <serviceName>grids</serviceName>
        <dataType>Grid</dataType>
        <dataFormat>GINI</dataFormat>
        <documentation type="summary">NEXRAD Radar National Composites of Level 3 products. Generated by Unidata
          every 5 minutes.
        </documentation>
        <creator>
          <name vocabulary="DIF">UCAR/UNIDATA</name>
          <contact url="http://www.unidata.ucar.edu/" email="support@unidata.ucar.edu"/>
        </creator>
        <geospatialCoverage>
          <northsouth>
            <start>23.0132</start>
            <size>24.29315</size>
            <units>degrees_north</units>
          </northsouth>
          <eastwest>
            <start>-120.02283</start>
            <size>56.51233</size>
            <units>degrees_east</units>
          </eastwest>
          <updown>
            <start>0.0</start>
            <size>0.0</size>
            <units>km</units>
          </updown>
        </geospatialCoverage>
        <timeCoverage>
          <end>present</end>
          <duration>7 days</duration>
        </timeCoverage>

        <variables vocabulary="DIF">
          <variable name="BaseReflectivity"
                    vocabulary_name="EARTH SCIENCE &gt; Spectral/Engineering &gt; Radar &gt; Radar Reflectivity"
                    units="dbZ"/>
          <variable name="1hourPrecipitation"
                    vocabulary_name="EARTH SCIENCE &gt; Atmosphere &gt; Precipitation &gt; Precipitation Amount"
                    units="in"/>
          <variable name="totalPrecipitation"
                    vocabulary_name="EARTH SCIENCE &gt; Atmosphere &gt; Precipitation &gt; Precipitation Amount"
                    units="in"/>
        </variables>
      </metadata>
      <filter>
        <include wildcard="Level3*.gini" atomic="true" collection="false"/>
        <exclude wildcard="current" atomic="false" collection="true"/>
        <exclude wildcard=".*" atomic="false" collection="true"/>
      </filter>
      <sort>
        <lexigraphicByName increasing="false"/>
      </sort>
      <addDatasetSize/>
      <addTimeCoverage datasetNameMatchPattern=".*_([0-9]{4})([0-9]{2})([0-9]{2})_([0-9]{2})([0-9]{2})$"
                       startTimeSubstitutionPattern="$1-$2-$3T$4:$5:00" duration="5 minutes"/>
    </datasetScan>

    <featureCollection name="NWS NEXRAD Composite VIP 10 km" featureType="GRIB1" harvest="true"
                       path="grib/nexrad/composite/nws">
      <metadata inherited="true">
        <dataFormat>GRIB-1</dataFormat>
        <documentation type="summary">10 km mosaic of NEXRAD Radar VIP. Contours of echo reflectivity,
          also known as "VIP levels" (for Video Integrator and Processor). Generated every 30 minutes
          by NWS, covers continental US.
        </documentation>
        <creator>
          <name vocabulary="DIF">DOC/NOAA/NWS</name>
          <contact url="http://www.roc.noaa.gov/" email="http://www.roc.noaa.gov/Feedback/"/>
        </creator>
      </metadata>
      <collection name="NEXRAD_NWS_Reflectivity"
                  spec="/data/ldm/pub/native/radar/10km_mosaic/**/.*grib1$"
                  dateFormatMark="#RADAR_10km_mosaic_#yyyyMMdd_HHmm"
                  olderThan="1 min"/>

      <gribConfig>
        <option name="timeUnit" value="1 minute" />
      </gribConfig>

      <tdm rewrite="test" rescan="0 2/5 * * * ? *" />
    </featureCollection>

    <featureCollection name="Unidata NEXRAD Composite Reflectivity" featureType="GRIB2" harvest="true"
                       path="grib/nexrad/composite/unidata">
      <metadata inherited="true">
        <dataFormat>GRIB-2</dataFormat>
        <documentation type="summary">NEXRAD Radar National Composites of Level 3 Base Reflectivity. 1 km resolution.
          Generated by Unidata every 5-6 minutes.
        </documentation>
        <creator>
          <name vocabulary="DIF">UCAR/UNIDATA</name>
          <contact url="http://www.unidata.ucar.edu/" email="support@unidata.ucar.edu"/>
        </creator>
      </metadata>
      <collection name="NEXRAD_Unidata_Reflectivity"
                  spec="/data/ldm/pub/native/radar/composite/grib2/N0R/**/.*grib2$"
                  dateFormatMark="#Level3_Composite_N0R_#yyyyMMdd_HHmm"
                  timePartition="file"
                  olderThan="1 min"/>

      <gribConfig>
        <option name="timeUnit" value="1 minute" />
      </gribConfig>

      <tdm rewrite="test" rescan="0 1/5 * * * ? *" />
    </featureCollection>
  </dataset> <!-- NEXRAD National Composites From Unidata -->

</catalog>

